CREATE DATABASE  IF NOT EXISTS `team7` /*!40100 DEFAULT CHARACTER SET latin1 */;
USE `team7`;
-- MySQL dump 10.13  Distrib 5.1.34, for apple-darwin9.5.0 (i386)
--
-- Host: team7.ath.cx    Database: team7
-- ------------------------------------------------------
-- Server version	5.0.86-log

/*!40101 SET @OLD_CHARACTER_SET_CLIENT=@@CHARACTER_SET_CLIENT */;
/*!40101 SET @OLD_CHARACTER_SET_RESULTS=@@CHARACTER_SET_RESULTS */;
/*!40101 SET @OLD_COLLATION_CONNECTION=@@COLLATION_CONNECTION */;
/*!40101 SET NAMES utf8 */;
/*!40103 SET @OLD_TIME_ZONE=@@TIME_ZONE */;
/*!40103 SET TIME_ZONE='+00:00' */;
/*!40014 SET @OLD_UNIQUE_CHECKS=@@UNIQUE_CHECKS, UNIQUE_CHECKS=0 */;
/*!40014 SET @OLD_FOREIGN_KEY_CHECKS=@@FOREIGN_KEY_CHECKS, FOREIGN_KEY_CHECKS=0 */;
/*!40101 SET @OLD_SQL_MODE=@@SQL_MODE, SQL_MODE='NO_AUTO_VALUE_ON_ZERO' */;
/*!40111 SET @OLD_SQL_NOTES=@@SQL_NOTES, SQL_NOTES=0 */;

--
-- Not dumping tablespaces as no INFORMATION_SCHEMA.FILES table on this server
--

--
-- Table structure for table `Program`
--

DROP TABLE IF EXISTS `Program`;
/*!40101 SET @saved_cs_client     = @@character_set_client */;
/*!40101 SET character_set_client = utf8 */;
CREATE TABLE `Program` (
  `ProgramID` int(10) unsigned NOT NULL auto_increment,
  `Name` varchar(45) default NULL,
  `DepartmentID` varchar(4) default NULL,
  PRIMARY KEY  (`ProgramID`),
  KEY `fk_Program_Department1` (`DepartmentID`),
  CONSTRAINT `fk_Program_Department1` FOREIGN KEY (`DepartmentID`) REFERENCES `Department` (`DepartmentID`) ON DELETE NO ACTION ON UPDATE NO ACTION
) ENGINE=InnoDB AUTO_INCREMENT=39 DEFAULT CHARSET=latin1;
/*!40101 SET character_set_client = @saved_cs_client */;

--
-- Dumping data for table `Program`
--

LOCK TABLES `Program` WRITE;
/*!40000 ALTER TABLE `Program` DISABLE KEYS */;
INSERT INTO `Program` VALUES (1,'DERP Magic','DERP'),(32,'Industrial Engineering','INDU'),(33,'Mechanical Engineering','MECH'),(34,'Building Engineering','BLDG'),(35,'Civil Engineering','CIVI'),(36,'Electrical Engineering','ELEC'),(37,'Computer Engineering','COEN'),(38,'Software Engineering','SOEN');
/*!40000 ALTER TABLE `Program` ENABLE KEYS */;
UNLOCK TABLES;

--
-- Table structure for table `UserRole`
--

DROP TABLE IF EXISTS `UserRole`;
/*!40101 SET @saved_cs_client     = @@character_set_client */;
/*!40101 SET character_set_client = utf8 */;
CREATE TABLE `UserRole` (
  `UserRoleID` char(1) NOT NULL,
  `UserRoleName` varchar(64) NOT NULL,
  PRIMARY KEY  (`UserRoleID`),
  UNIQUE KEY `UserRoleID_UNIQUE` (`UserRoleID`)
) ENGINE=InnoDB DEFAULT CHARSET=latin1;
/*!40101 SET character_set_client = @saved_cs_client */;

--
-- Dumping data for table `UserRole`
--

LOCK TABLES `UserRole` WRITE;
/*!40000 ALTER TABLE `UserRole` DISABLE KEYS */;
INSERT INTO `UserRole` VALUES ('0','Administrator'),('1','Teacher'),('2','Student');
/*!40000 ALTER TABLE `UserRole` ENABLE KEYS */;
UNLOCK TABLES;

--
-- Table structure for table `RegisteredIn`
--

DROP TABLE IF EXISTS `RegisteredIn`;
/*!40101 SET @saved_cs_client     = @@character_set_client */;
/*!40101 SET character_set_client = utf8 */;
CREATE TABLE `RegisteredIn` (
  `UserID` char(7) NOT NULL,
  `ClassID` int(11) NOT NULL,
  `Grade` varchar(12) NOT NULL,
  KEY `fk_RegisteredIn_User1` (`UserID`),
  KEY `fk_RegisteredIn_Class1` (`ClassID`),
  KEY `fk_RegisteredIn_Grade1` (`Grade`),
  CONSTRAINT `fk_RegisteredIn_Class1` FOREIGN KEY (`ClassID`) REFERENCES `Class` (`ClassID`) ON DELETE NO ACTION ON UPDATE NO ACTION,
  CONSTRAINT `fk_RegisteredIn_Grade1` FOREIGN KEY (`Grade`) REFERENCES `Grade` (`Grade`) ON DELETE NO ACTION ON UPDATE NO ACTION,
  CONSTRAINT `fk_RegisteredIn_User1` FOREIGN KEY (`UserID`) REFERENCES `User` (`UserID`) ON DELETE NO ACTION ON UPDATE NO ACTION
) ENGINE=InnoDB DEFAULT CHARSET=latin1;
/*!40101 SET character_set_client = @saved_cs_client */;

--
-- Dumping data for table `RegisteredIn`
--

LOCK TABLES `RegisteredIn` WRITE;
/*!40000 ALTER TABLE `RegisteredIn` DISABLE KEYS */;
INSERT INTO `RegisteredIn` VALUES ('8571274',12344,''),('8571274',12342,''),('1234567',12284,'A'),('1234567',12285,'A'),('1234567',12288,'A'),('1234567',12293,'A'),('9365079',13762,'A'),('9365079',13763,'A'),('9365079',13765,'A'),('9365079',13770,'A'),('9365079',13807,'A'),('9365079',13831,'A'),('9365079',13834,'A'),('9365079',13835,'A'),('9365079',13836,'A'),('9365079',13837,'A'),('9365079',13845,'A'),('9365079',13890,'A'),('9365079',13909,'A'),('9365079',13928,'A'),('9365079',13929,'A'),('9365079',13933,'A'),('9365079',13935,'A'),('9365079',13946,'A'),('6660000',14271,'A'),('6660000',14273,'A'),('6660000',14274,'A'),('6660000',14345,'A'),('6660000',14347,'A'),('6660000',14348,'A'),('6660000',14401,'A'),('6660000',14402,'A'),('6661111',14257,'A'),('6661111',14258,'A'),('6661111',14259,'A'),('6661111',14260,'A'),('6661111',14261,'A'),('6661111',14315,'A'),('6661111',14316,'A'),('6661111',14317,'A'),('6661111',14319,'A'),('6661111',14320,'A'),('6661111',14323,'A'),('6661111',14324,'A'),('6661111',14342,'A'),('6661111',14345,'A'),('6661111',14346,'A'),('6661111',14347,'A'),('6661111',14348,'A'),('6661111',14354,'A'),('6661111',14427,'A'),('6661111',14445,'A'),('6662222',14257,'A'),('6662222',14258,'A'),('6662222',14259,'A'),('6662222',14261,'A'),('6662222',14316,'A'),('6662222',14317,'A'),('6662222',14342,'A'),('6662222',14345,'A'),('6662222',14346,'A'),('6662222',14347,'A'),('6662222',14348,'A'),('6662222',14427,'A'),('6662222',14428,'A'),('6662222',14445,'A'),('6662222',14490,'A'),('6663333',14271,'A'),('6663333',14273,'A'),('6663333',14274,'A'),('6663333',14276,'A'),('6663333',14279,'A'),('6663333',14280,'A'),('6663333',14281,'A'),('6663333',14318,'A'),('6663333',14342,'A'),('6663333',14345,'A'),('6663333',14346,'A'),('6663333',14347,'A'),('6663333',14348,'A'),('6663333',14356,'A'),('6663333',14357,'A'),('6663333',14401,'A'),('6663333',14402,'A'),('6663333',14403,'A'),('6663333',14470,'A'),('6663333',14471,'A'),('6663333',14496,'A'),('6664444',14257,'A'),('6664444',14258,'A'),('6664444',14261,'A'),('6664444',14315,'A'),('6664444',14316,'A'),('6664444',14317,'A'),('6664444',14342,'A'),('6664444',14345,'A'),('6664444',14347,'A'),('6664444',14348,'A'),('6665555',14257,'A'),('6665555',14258,'A'),('6665555',14317,'A'),('6665555',14345,'A'),('6665555',14347,'A'),('6666666',14271,'A'),('6666666',14273,'A'),('6666666',14345,'A'),('6666666',14347,'A');
/*!40000 ALTER TABLE `RegisteredIn` ENABLE KEYS */;
UNLOCK TABLES;

--
-- Table structure for table `Department`
--

DROP TABLE IF EXISTS `Department`;
/*!40101 SET @saved_cs_client     = @@character_set_client */;
/*!40101 SET character_set_client = utf8 */;
CREATE TABLE `Department` (
  `DepartmentID` varchar(4) NOT NULL,
  `DepartmentName` varchar(128) NOT NULL,
  `FacultyID` varchar(4) NOT NULL,
  PRIMARY KEY  (`DepartmentID`),
  KEY `fk_Department_Faculty1` (`FacultyID`),
  CONSTRAINT `fk_Department_Faculty1` FOREIGN KEY (`FacultyID`) REFERENCES `Faculty` (`FacultyID`) ON DELETE NO ACTION ON UPDATE NO ACTION
) ENGINE=InnoDB DEFAULT CHARSET=latin1;
/*!40101 SET character_set_client = @saved_cs_client */;

--
-- Dumping data for table `Department`
--

LOCK TABLES `Department` WRITE;
/*!40000 ALTER TABLE `Department` DISABLE KEYS */;
INSERT INTO `Department` VALUES ('BCEE','','ENCS'),('BLDG','','ENCS'),('Buil','','ENCS'),('CEGE','','ENCS'),('CHEM','','ENCS'),('CIVI','','ENCS'),('COEN','','ENCS'),('COMP','','ENCS'),('CWTC','','ENCS'),('CWTE','','ENCS'),('DERP','DERP','DERP'),('ELEC','','ENCS'),('EMAT','','ENCS'),('ENCS','','ENCS'),('ENGR','','ENCS'),('IADI','','ENCS'),('INDU','','ENCS'),('MAST','','ENCS'),('MATH','','ENCS'),('MECH','','ENCS'),('pass','','ENCS'),('PHYS','','ENCS'),('SOEN','','ENCS');
/*!40000 ALTER TABLE `Department` ENABLE KEYS */;
UNLOCK TABLES;

--
-- Table structure for table `ClassBlock`
--

DROP TABLE IF EXISTS `ClassBlock`;
/*!40101 SET @saved_cs_client     = @@character_set_client */;
/*!40101 SET character_set_client = utf8 */;
CREATE TABLE `ClassBlock` (
  `ClassBlockID` int(10) NOT NULL auto_increment,
  `ClassID` int(11) NOT NULL,
  `StartTime` time NOT NULL,
  `EndTime` time NOT NULL,
  `Day` char(1) NOT NULL,
  PRIMARY KEY  (`ClassBlockID`),
  KEY `fk_ClassBlock_Class1` (`ClassID`),
  CONSTRAINT `fk_ClassBlock_Class1` FOREIGN KEY (`ClassID`) REFERENCES `Class` (`ClassID`) ON DELETE NO ACTION ON UPDATE NO ACTION
) ENGINE=InnoDB AUTO_INCREMENT=22445 DEFAULT CHARSET=latin1;
/*!40101 SET character_set_client = @saved_cs_client */;

--
-- Dumping data for table `ClassBlock`
--

LOCK TABLES `ClassBlock` WRITE;
/*!40000 ALTER TABLE `ClassBlock` DISABLE KEYS */;
INSERT INTO `ClassBlock` VALUES (20225,12144,'10:15:00','13:00:00','M'),(20226,12145,'11:30:00','13:10:00','M'),(20227,12146,'11:30:00','13:10:00','M'),(20228,12147,'13:15:00','14:30:00','M'),(20229,12147,'13:15:00','14:30:00','W'),(20230,12148,'13:15:00','14:30:00','M'),(20231,12148,'13:15:00','14:30:00','W'),(20232,12149,'11:45:00','13:00:00','W'),(20233,12149,'11:45:00','13:00:00','F'),(20234,12150,'11:45:00','13:00:00','W'),(20235,12150,'11:45:00','13:00:00','F'),(20236,12151,'10:15:00','13:00:00','M'),(20237,12152,'11:30:00','13:10:00','M'),(20238,12153,'11:30:00','13:10:00','M'),(20239,12154,'13:15:00','14:30:00','M'),(20240,12154,'13:15:00','14:30:00','W'),(20241,12155,'13:15:00','14:30:00','M'),(20242,12155,'13:15:00','14:30:00','W'),(20243,12156,'11:45:00','13:00:00','W'),(20244,12156,'11:45:00','13:00:00','F'),(20245,12157,'11:45:00','13:00:00','W'),(20246,12157,'11:45:00','13:00:00','F'),(20247,12158,'10:15:00','11:30:00','W'),(20248,12158,'10:15:00','11:30:00','F'),(20249,12159,'11:45:00','12:35:00','W'),(20250,12160,'16:45:00','17:35:00','T'),(20251,12161,'17:45:00','20:15:00','F'),(20252,12162,'10:15:00','11:05:00','T'),(20253,12163,'13:15:00','14:30:00','T'),(20254,12163,'13:15:00','14:30:00','J'),(20255,12164,'10:15:00','13:00:00','M'),(20256,12165,'11:30:00','13:10:00','M'),(20257,12166,'11:30:00','13:10:00','M'),(20258,12167,'13:15:00','14:30:00','M'),(20259,12167,'13:15:00','14:30:00','W'),(20260,12168,'13:15:00','14:30:00','M'),(20261,12168,'13:15:00','14:30:00','W'),(20262,12169,'11:45:00','13:00:00','W'),(20263,12169,'11:45:00','13:00:00','F'),(20264,12170,'11:45:00','13:00:00','W'),(20265,12170,'11:45:00','13:00:00','F'),(20266,12171,'10:15:00','11:30:00','W'),(20267,12171,'10:15:00','11:30:00','F'),(20268,12172,'11:45:00','12:35:00','W'),(20269,12173,'16:45:00','17:35:00','T'),(20270,12174,'17:45:00','20:15:00','F'),(20271,12175,'10:15:00','11:05:00','T'),(20272,12176,'13:15:00','14:30:00','T'),(20273,12176,'13:15:00','14:30:00','J'),(20274,12177,'08:45:00','10:00:00','W'),(20275,12177,'08:45:00','10:00:00','F'),(20276,12178,'11:45:00','13:00:00','T'),(20277,12178,'11:45:00','13:00:00','J'),(20278,12179,'13:15:00','14:55:00','T'),(20279,12180,'17:45:00','20:15:00','F'),(20280,12181,'16:15:00','17:05:00','F'),(20281,12182,'17:45:00','20:15:00','W'),(20282,12183,'08:45:00','10:00:00','T'),(20283,12183,'08:45:00','10:00:00','J'),(20284,12184,'08:30:00','09:30:00','M'),(20285,12185,'17:45:00','20:15:00','M'),(20286,12186,'10:15:00','13:00:00','M'),(20287,12187,'11:30:00','13:10:00','M'),(20288,12188,'11:30:00','13:10:00','M'),(20289,12189,'13:15:00','14:30:00','M'),(20290,12189,'13:15:00','14:30:00','W'),(20291,12190,'13:15:00','14:30:00','M'),(20292,12190,'13:15:00','14:30:00','W'),(20293,12191,'11:45:00','13:00:00','W'),(20294,12191,'11:45:00','13:00:00','F'),(20295,12192,'11:45:00','13:00:00','W'),(20296,12192,'11:45:00','13:00:00','F'),(20297,12193,'10:15:00','11:30:00','W'),(20298,12193,'10:15:00','11:30:00','F'),(20299,12194,'11:45:00','12:35:00','W'),(20300,12195,'16:45:00','17:35:00','T'),(20301,12196,'17:45:00','20:15:00','F'),(20302,12197,'10:15:00','11:05:00','T'),(20303,12198,'13:15:00','14:30:00','T'),(20304,12198,'13:15:00','14:30:00','J'),(20305,12199,'08:45:00','10:00:00','W'),(20306,12199,'08:45:00','10:00:00','F'),(20307,12200,'11:45:00','13:00:00','T'),(20308,12200,'11:45:00','13:00:00','J'),(20309,12201,'13:15:00','14:55:00','T'),(20310,12202,'17:45:00','20:15:00','F'),(20311,12203,'16:15:00','17:05:00','F'),(20312,12204,'17:45:00','20:15:00','W'),(20313,12205,'08:45:00','10:00:00','T'),(20314,12205,'08:45:00','10:00:00','J'),(20315,12206,'08:30:00','09:30:00','M'),(20316,12207,'17:45:00','20:15:00','M'),(20317,12208,'08:45:00','10:00:00','W'),(20318,12208,'08:45:00','10:00:00','F'),(20319,12209,'16:15:00','17:30:00','T'),(20320,12209,'16:15:00','17:30:00','J'),(20321,12210,'14:45:00','16:00:00','T'),(20322,12210,'14:45:00','16:00:00','J'),(20323,12211,'14:45:00','16:00:00','M'),(20324,12211,'14:45:00','16:00:00','W'),(20325,12212,'13:45:00','14:35:00','W'),(20326,12213,'13:45:00','14:35:00','W'),(20327,12214,'12:15:00','13:00:00','W'),(20328,12215,'11:45:00','13:00:00','T'),(20329,12215,'11:45:00','13:00:00','J'),(20330,12216,'08:45:00','10:02:00','T'),(20331,12217,'08:45:00','10:25:00','T'),(20332,12218,'08:45:00','10:25:00','J'),(20333,12219,'08:45:00','10:25:00','J'),(20334,12220,'14:45:00','16:00:00','T'),(20335,12220,'14:45:00','16:00:00','J'),(20336,12221,'17:40:00','18:03:00','T'),(20337,12222,'17:40:00','18:03:00','J'),(20338,12223,'08:45:00','09:35:00','F'),(20339,12224,'14:45:00','16:00:00','M'),(20340,12224,'14:45:00','16:00:00','W'),(20341,12225,'08:45:00','11:30:00','T'),(20342,12226,'12:15:00','13:05:00','M'),(20343,12227,'12:15:00','13:05:00','M'),(20344,12228,'16:15:00','17:30:00','M'),(20345,12228,'16:15:00','17:30:00','W'),(20346,12229,'13:15:00','14:30:00','W'),(20347,12229,'13:15:00','14:30:00','F'),(20348,12230,'16:15:00','17:30:00','T'),(20349,12230,'16:15:00','17:30:00','J'),(20350,12232,'10:15:00','13:00:00','M'),(20351,12233,'11:30:00','13:10:00','M'),(20352,12234,'11:30:00','13:10:00','M'),(20353,12235,'13:15:00','14:30:00','M'),(20354,12235,'13:15:00','14:30:00','W'),(20355,12236,'13:15:00','14:30:00','M'),(20356,12236,'13:15:00','14:30:00','W'),(20357,12237,'11:45:00','13:00:00','W'),(20358,12237,'11:45:00','13:00:00','F'),(20359,12238,'11:45:00','13:00:00','W'),(20360,12238,'11:45:00','13:00:00','F'),(20361,12239,'10:15:00','11:30:00','W'),(20362,12239,'10:15:00','11:30:00','F'),(20363,12240,'11:45:00','12:35:00','W'),(20364,12241,'16:45:00','17:35:00','T'),(20365,12242,'17:45:00','20:15:00','F'),(20366,12243,'10:15:00','11:05:00','T'),(20367,12244,'13:15:00','14:30:00','T'),(20368,12244,'13:15:00','14:30:00','J'),(20369,12245,'08:45:00','10:00:00','W'),(20370,12245,'08:45:00','10:00:00','F'),(20371,12246,'11:45:00','13:00:00','T'),(20372,12246,'11:45:00','13:00:00','J'),(20373,12247,'13:15:00','14:55:00','T'),(20374,12248,'17:45:00','20:15:00','F'),(20375,12249,'16:15:00','17:05:00','F'),(20376,12250,'17:45:00','20:15:00','W'),(20377,12251,'08:45:00','10:00:00','T'),(20378,12251,'08:45:00','10:00:00','J'),(20379,12252,'08:30:00','09:30:00','M'),(20380,12253,'17:45:00','20:15:00','M'),(20381,12254,'08:45:00','10:00:00','W'),(20382,12254,'08:45:00','10:00:00','F'),(20383,12255,'16:15:00','17:30:00','T'),(20384,12255,'16:15:00','17:30:00','J'),(20385,12256,'14:45:00','16:00:00','T'),(20386,12256,'14:45:00','16:00:00','J'),(20387,12257,'14:45:00','16:00:00','M'),(20388,12257,'14:45:00','16:00:00','W'),(20389,12258,'13:45:00','14:35:00','W'),(20390,12259,'13:45:00','14:35:00','W'),(20391,12260,'12:15:00','13:00:00','W'),(20392,12261,'11:45:00','13:00:00','T'),(20393,12261,'11:45:00','13:00:00','J'),(20394,12262,'08:45:00','10:02:00','T'),(20395,12263,'08:45:00','10:25:00','T'),(20396,12264,'08:45:00','10:25:00','J'),(20397,12265,'08:45:00','10:25:00','J'),(20398,12266,'14:45:00','16:00:00','T'),(20399,12266,'14:45:00','16:00:00','J'),(20400,12267,'17:40:00','18:03:00','T'),(20401,12268,'17:40:00','18:03:00','J'),(20402,12269,'08:45:00','09:35:00','F'),(20403,12270,'14:45:00','16:00:00','M'),(20404,12270,'14:45:00','16:00:00','W'),(20405,12271,'08:45:00','11:30:00','T'),(20406,12272,'12:15:00','13:05:00','M'),(20407,12273,'12:15:00','13:05:00','M'),(20408,12274,'16:15:00','17:30:00','M'),(20409,12274,'16:15:00','17:30:00','W'),(20410,12275,'13:15:00','14:30:00','W'),(20411,12275,'13:15:00','14:30:00','F'),(20412,12276,'16:15:00','17:30:00','T'),(20413,12276,'16:15:00','17:30:00','J'),(20414,12278,'11:45:00','13:00:00','T'),(20415,12278,'11:45:00','13:00:00','J'),(20416,12279,'17:45:00','20:15:00','W'),(20417,12280,'17:45:00','20:15:00','T'),(20418,12281,'17:45:00','20:15:00','W'),(20419,12282,'10:15:00','11:30:00','T'),(20420,12282,'10:15:00','11:30:00','J'),(20421,12283,'13:15:00','14:30:00','M'),(20422,12283,'13:15:00','14:30:00','W'),(20423,12284,'08:45:00','10:00:00','W'),(20424,12284,'08:45:00','10:00:00','F'),(20425,12285,'17:45:00','20:15:00','J'),(20426,12286,'08:45:00','10:00:00','M'),(20427,12286,'08:45:00','10:00:00','W'),(20428,12287,'17:45:00','20:15:00','J'),(20429,12288,'11:45:00','13:00:00','T'),(20430,12288,'11:45:00','13:00:00','J'),(20431,12289,'17:45:00','20:15:00','W'),(20432,12290,'20:30:00','21:20:00','W'),(20433,12291,'20:30:00','21:20:00','W'),(20434,12292,'14:45:00','16:00:00','M'),(20435,12292,'14:45:00','16:00:00','W'),(20436,12293,'13:15:00','14:30:00','M'),(20437,12293,'13:15:00','14:30:00','W'),(20438,12294,'13:15:00','14:30:00','M'),(20439,12294,'13:15:00','14:30:00','W'),(20440,12295,'16:15:00','17:00:00','W'),(20441,12296,'16:15:00','17:05:00','W'),(20442,12297,'17:45:00','20:15:00','J'),(20443,12298,'20:30:00','21:20:00','J'),(20444,12299,'20:30:00','21:20:00','J'),(20445,12300,'17:45:00','20:15:00','M'),(20446,12301,'13:15:00','14:30:00','M'),(20447,12301,'13:15:00','14:30:00','W'),(20448,12302,'14:45:00','17:30:00','J'),(20449,12303,'11:45:00','13:00:00','T'),(20450,12303,'11:45:00','13:00:00','J'),(20451,12304,'13:15:00','14:05:00','T'),(20452,12305,'13:15:00','14:05:00','J'),(20453,12306,'17:45:00','20:15:00','M'),(20454,12307,'17:45:00','20:15:00','M'),(20455,12308,'17:45:00','20:15:00','W'),(20456,12309,'17:45:00','20:15:00','M'),(20457,12310,'14:45:00','16:00:00','T'),(20458,12310,'14:45:00','16:00:00','J'),(20459,12311,'17:45:00','20:15:00','M'),(20460,12312,'10:15:00','13:00:00','M'),(20461,12313,'11:30:00','13:10:00','M'),(20462,12314,'11:30:00','13:10:00','M'),(20463,12315,'13:15:00','14:30:00','M'),(20464,12315,'13:15:00','14:30:00','W'),(20465,12316,'13:15:00','14:30:00','M'),(20466,12316,'13:15:00','14:30:00','W'),(20467,12317,'11:45:00','13:00:00','W'),(20468,12317,'11:45:00','13:00:00','F'),(20469,12318,'11:45:00','13:00:00','W'),(20470,12318,'11:45:00','13:00:00','F'),(20471,12319,'10:15:00','11:30:00','W'),(20472,12319,'10:15:00','11:30:00','F'),(20473,12320,'11:45:00','12:35:00','W'),(20474,12321,'16:45:00','17:35:00','T'),(20475,12322,'17:45:00','20:15:00','F'),(20476,12323,'10:15:00','11:05:00','T'),(20477,12324,'13:15:00','14:30:00','T'),(20478,12324,'13:15:00','14:30:00','J'),(20479,12325,'08:45:00','10:00:00','W'),(20480,12325,'08:45:00','10:00:00','F'),(20481,12326,'11:45:00','13:00:00','T'),(20482,12326,'11:45:00','13:00:00','J'),(20483,12327,'13:15:00','14:55:00','T'),(20484,12328,'17:45:00','20:15:00','F'),(20485,12329,'16:15:00','17:05:00','F'),(20486,12330,'17:45:00','20:15:00','W'),(20487,12331,'08:45:00','10:00:00','T'),(20488,12331,'08:45:00','10:00:00','J'),(20489,12332,'08:30:00','09:30:00','M'),(20490,12333,'17:45:00','20:15:00','M'),(20491,12334,'08:45:00','10:00:00','W'),(20492,12334,'08:45:00','10:00:00','F'),(20493,12335,'16:15:00','17:30:00','T'),(20494,12335,'16:15:00','17:30:00','J'),(20495,12336,'14:45:00','16:00:00','T'),(20496,12336,'14:45:00','16:00:00','J'),(20497,12337,'14:45:00','16:00:00','M'),(20498,12337,'14:45:00','16:00:00','W'),(20499,12338,'13:45:00','14:35:00','W'),(20500,12339,'13:45:00','14:35:00','W'),(20501,12340,'12:15:00','13:00:00','W'),(20502,12341,'11:45:00','13:00:00','T'),(20503,12341,'11:45:00','13:00:00','J'),(20504,12342,'08:45:00','10:02:00','T'),(20505,12343,'08:45:00','10:25:00','T'),(20506,12344,'08:45:00','10:25:00','J'),(20507,12345,'08:45:00','10:25:00','J'),(20508,12346,'14:45:00','16:00:00','T'),(20509,12346,'14:45:00','16:00:00','J'),(20510,12347,'17:40:00','18:03:00','T'),(20511,12348,'17:40:00','18:03:00','J'),(20512,12349,'08:45:00','09:35:00','F'),(20513,12350,'14:45:00','16:00:00','M'),(20514,12350,'14:45:00','16:00:00','W'),(20515,12351,'08:45:00','11:30:00','T'),(20516,12352,'12:15:00','13:05:00','M'),(20517,12353,'12:15:00','13:05:00','M'),(20518,12354,'16:15:00','17:30:00','M'),(20519,12354,'16:15:00','17:30:00','W'),(20520,12355,'13:15:00','14:30:00','W'),(20521,12355,'13:15:00','14:30:00','F'),(20522,12356,'16:15:00','17:30:00','T'),(20523,12356,'16:15:00','17:30:00','J'),(20524,12358,'11:45:00','13:00:00','T'),(20525,12358,'11:45:00','13:00:00','J'),(20526,12359,'17:45:00','20:15:00','W'),(20527,12360,'17:45:00','20:15:00','T'),(20528,12361,'17:45:00','20:15:00','W'),(20529,12362,'10:15:00','11:30:00','T'),(20530,12362,'10:15:00','11:30:00','J'),(20531,12363,'13:15:00','14:30:00','M'),(20532,12363,'13:15:00','14:30:00','W'),(20533,12364,'08:45:00','10:00:00','W'),(20534,12364,'08:45:00','10:00:00','F'),(20535,12365,'17:45:00','20:15:00','J'),(20536,12366,'08:45:00','10:00:00','M'),(20537,12366,'08:45:00','10:00:00','W'),(20538,12367,'17:45:00','20:15:00','J'),(20539,12368,'11:45:00','13:00:00','T'),(20540,12368,'11:45:00','13:00:00','J'),(20541,12369,'17:45:00','20:15:00','W'),(20542,12370,'20:30:00','21:20:00','W'),(20543,12371,'20:30:00','21:20:00','W'),(20544,12372,'14:45:00','16:00:00','M'),(20545,12372,'14:45:00','16:00:00','W'),(20546,12373,'13:15:00','14:30:00','M'),(20547,12373,'13:15:00','14:30:00','W'),(20548,12374,'13:15:00','14:30:00','M'),(20549,12374,'13:15:00','14:30:00','W'),(20550,12375,'16:15:00','17:00:00','W'),(20551,12376,'16:15:00','17:05:00','W'),(20552,12377,'17:45:00','20:15:00','J'),(20553,12378,'20:30:00','21:20:00','J'),(20554,12379,'20:30:00','21:20:00','J'),(20555,12380,'17:45:00','20:15:00','M'),(20556,12381,'13:15:00','14:30:00','M'),(20557,12381,'13:15:00','14:30:00','W'),(20558,12382,'14:45:00','17:30:00','J'),(20559,12383,'11:45:00','13:00:00','T'),(20560,12383,'11:45:00','13:00:00','J'),(20561,12384,'13:15:00','14:05:00','T'),(20562,12385,'13:15:00','14:05:00','J'),(20563,12386,'17:45:00','20:15:00','M'),(20564,12387,'17:45:00','20:15:00','M'),(20565,12388,'17:45:00','20:15:00','W'),(20566,12389,'17:45:00','20:15:00','M'),(20567,12390,'14:45:00','16:00:00','T'),(20568,12390,'14:45:00','16:00:00','J'),(20569,12391,'17:45:00','20:15:00','M'),(20570,12392,'10:15:00','13:00:00','M'),(20571,12393,'11:30:00','13:10:00','M'),(20572,12394,'11:30:00','13:10:00','M'),(20573,12395,'13:15:00','14:30:00','M'),(20574,12395,'13:15:00','14:30:00','W'),(20575,12396,'13:15:00','14:30:00','M'),(20576,12396,'13:15:00','14:30:00','W'),(20577,12397,'11:45:00','13:00:00','W'),(20578,12397,'11:45:00','13:00:00','F'),(20579,12398,'11:45:00','13:00:00','W'),(20580,12398,'11:45:00','13:00:00','F'),(20581,12399,'10:15:00','11:30:00','W'),(20582,12399,'10:15:00','11:30:00','F'),(20583,12400,'11:45:00','12:35:00','W'),(20584,12401,'16:45:00','17:35:00','T'),(20585,12402,'17:45:00','20:15:00','F'),(20586,12403,'10:15:00','11:05:00','T'),(20587,12404,'13:15:00','14:30:00','T'),(20588,12404,'13:15:00','14:30:00','J'),(20589,12405,'08:45:00','10:00:00','W'),(20590,12405,'08:45:00','10:00:00','F'),(20591,12406,'11:45:00','13:00:00','T'),(20592,12406,'11:45:00','13:00:00','J'),(20593,12407,'13:15:00','14:55:00','T'),(20594,12408,'17:45:00','20:15:00','F'),(20595,12409,'16:15:00','17:05:00','F'),(20596,12410,'17:45:00','20:15:00','W'),(20597,12411,'08:45:00','10:00:00','T'),(20598,12411,'08:45:00','10:00:00','J'),(20599,12412,'08:30:00','09:30:00','M'),(20600,12413,'17:45:00','20:15:00','M'),(20601,12414,'08:45:00','10:00:00','W'),(20602,12414,'08:45:00','10:00:00','F'),(20603,12415,'16:15:00','17:30:00','T'),(20604,12415,'16:15:00','17:30:00','J'),(20605,12416,'14:45:00','16:00:00','T'),(20606,12416,'14:45:00','16:00:00','J'),(20607,12417,'14:45:00','16:00:00','M'),(20608,12417,'14:45:00','16:00:00','W'),(20609,12418,'13:45:00','14:35:00','W'),(20610,12419,'13:45:00','14:35:00','W'),(20611,12420,'12:15:00','13:00:00','W'),(20612,12421,'11:45:00','13:00:00','T'),(20613,12421,'11:45:00','13:00:00','J'),(20614,12422,'08:45:00','10:02:00','T'),(20615,12423,'08:45:00','10:25:00','T'),(20616,12424,'08:45:00','10:25:00','J'),(20617,12425,'08:45:00','10:25:00','J'),(20618,12426,'14:45:00','16:00:00','T'),(20619,12426,'14:45:00','16:00:00','J'),(20620,12427,'17:40:00','18:03:00','T'),(20621,12428,'17:40:00','18:03:00','J'),(20622,12429,'08:45:00','09:35:00','F'),(20623,12430,'14:45:00','16:00:00','M'),(20624,12430,'14:45:00','16:00:00','W'),(20625,12431,'08:45:00','11:30:00','T'),(20626,12432,'12:15:00','13:05:00','M'),(20627,12433,'12:15:00','13:05:00','M'),(20628,12434,'16:15:00','17:30:00','M'),(20629,12434,'16:15:00','17:30:00','W'),(20630,12435,'13:15:00','14:30:00','W'),(20631,12435,'13:15:00','14:30:00','F'),(20632,12436,'16:15:00','17:30:00','T'),(20633,12436,'16:15:00','17:30:00','J'),(20634,12438,'11:45:00','13:00:00','T'),(20635,12438,'11:45:00','13:00:00','J'),(20636,12439,'17:45:00','20:15:00','W'),(20637,12440,'17:45:00','20:15:00','T'),(20638,12441,'17:45:00','20:15:00','W'),(20639,12442,'10:15:00','11:30:00','T'),(20640,12442,'10:15:00','11:30:00','J'),(20641,12443,'13:15:00','14:30:00','M'),(20642,12443,'13:15:00','14:30:00','W'),(20643,12444,'08:45:00','10:00:00','W'),(20644,12444,'08:45:00','10:00:00','F'),(20645,12445,'17:45:00','20:15:00','J'),(20646,12446,'08:45:00','10:00:00','M'),(20647,12446,'08:45:00','10:00:00','W'),(20648,12447,'17:45:00','20:15:00','J'),(20649,12448,'11:45:00','13:00:00','T'),(20650,12448,'11:45:00','13:00:00','J'),(20651,12449,'17:45:00','20:15:00','W'),(20652,12450,'20:30:00','21:20:00','W'),(20653,12451,'20:30:00','21:20:00','W'),(20654,12452,'14:45:00','16:00:00','M'),(20655,12452,'14:45:00','16:00:00','W'),(20656,12453,'13:15:00','14:30:00','M'),(20657,12453,'13:15:00','14:30:00','W'),(20658,12454,'13:15:00','14:30:00','M'),(20659,12454,'13:15:00','14:30:00','W'),(20660,12455,'16:15:00','17:00:00','W'),(20661,12456,'16:15:00','17:05:00','W'),(20662,12457,'17:45:00','20:15:00','J'),(20663,12458,'20:30:00','21:20:00','J'),(20664,12459,'20:30:00','21:20:00','J'),(20665,12460,'17:45:00','20:15:00','M'),(20666,12461,'13:15:00','14:30:00','M'),(20667,12461,'13:15:00','14:30:00','W'),(20668,12462,'14:45:00','17:30:00','J'),(20669,12463,'11:45:00','13:00:00','T'),(20670,12463,'11:45:00','13:00:00','J'),(20671,12464,'13:15:00','14:05:00','T'),(20672,12465,'13:15:00','14:05:00','J'),(20673,12466,'17:45:00','20:15:00','M'),(20674,12467,'17:45:00','20:15:00','M'),(20675,12468,'17:45:00','20:15:00','W'),(20676,12469,'17:45:00','20:15:00','M'),(20677,12470,'14:45:00','16:00:00','T'),(20678,12470,'14:45:00','16:00:00','J'),(20679,12471,'17:45:00','20:15:00','M'),(20680,12472,'10:15:00','13:00:00','M'),(20681,12473,'11:30:00','13:10:00','M'),(20682,12474,'11:30:00','13:10:00','M'),(20683,12475,'13:15:00','14:30:00','M'),(20684,12475,'13:15:00','14:30:00','W'),(20685,12476,'13:15:00','14:30:00','M'),(20686,12476,'13:15:00','14:30:00','W'),(20687,12477,'11:45:00','13:00:00','W'),(20688,12477,'11:45:00','13:00:00','F'),(20689,12478,'11:45:00','13:00:00','W'),(20690,12478,'11:45:00','13:00:00','F'),(20691,12479,'10:15:00','11:30:00','W'),(20692,12479,'10:15:00','11:30:00','F'),(20693,12480,'11:45:00','12:35:00','W'),(20694,12481,'16:45:00','17:35:00','T'),(20695,12482,'17:45:00','20:15:00','F'),(20696,12483,'10:15:00','11:05:00','T'),(20697,12484,'13:15:00','14:30:00','T'),(20698,12484,'13:15:00','14:30:00','J'),(20699,12485,'08:45:00','10:00:00','W'),(20700,12485,'08:45:00','10:00:00','F'),(20701,12486,'11:45:00','13:00:00','T'),(20702,12486,'11:45:00','13:00:00','J'),(20703,12487,'13:15:00','14:55:00','T'),(20704,12488,'17:45:00','20:15:00','F'),(20705,12489,'16:15:00','17:05:00','F'),(20706,12490,'17:45:00','20:15:00','W'),(20707,12491,'08:45:00','10:00:00','T'),(20708,12491,'08:45:00','10:00:00','J'),(20709,12492,'08:30:00','09:30:00','M'),(20710,12493,'17:45:00','20:15:00','M'),(20711,12494,'08:45:00','10:00:00','W'),(20712,12494,'08:45:00','10:00:00','F'),(20713,12495,'16:15:00','17:30:00','T'),(20714,12495,'16:15:00','17:30:00','J'),(20715,12496,'14:45:00','16:00:00','T'),(20716,12496,'14:45:00','16:00:00','J'),(20717,12497,'14:45:00','16:00:00','M'),(20718,12497,'14:45:00','16:00:00','W'),(20719,12498,'13:45:00','14:35:00','W'),(20720,12499,'13:45:00','14:35:00','W'),(20721,12500,'12:15:00','13:00:00','W'),(20722,12501,'11:45:00','13:00:00','T'),(20723,12501,'11:45:00','13:00:00','J'),(20724,12502,'08:45:00','10:02:00','T'),(20725,12503,'08:45:00','10:25:00','T'),(20726,12504,'08:45:00','10:25:00','J'),(20727,12505,'08:45:00','10:25:00','J'),(20728,12506,'14:45:00','16:00:00','T'),(20729,12506,'14:45:00','16:00:00','J'),(20730,12507,'17:40:00','18:03:00','T'),(20731,12508,'17:40:00','18:03:00','J'),(20732,12509,'08:45:00','09:35:00','F'),(20733,12510,'14:45:00','16:00:00','M'),(20734,12510,'14:45:00','16:00:00','W'),(20735,12511,'08:45:00','11:30:00','T'),(20736,12512,'12:15:00','13:05:00','M'),(20737,12513,'12:15:00','13:05:00','M'),(20738,12514,'16:15:00','17:30:00','M'),(20739,12514,'16:15:00','17:30:00','W'),(20740,12515,'13:15:00','14:30:00','W'),(20741,12515,'13:15:00','14:30:00','F'),(20742,12516,'16:15:00','17:30:00','T'),(20743,12516,'16:15:00','17:30:00','J'),(20744,12518,'11:45:00','13:00:00','T'),(20745,12518,'11:45:00','13:00:00','J'),(20746,12519,'17:45:00','20:15:00','W'),(20747,12520,'17:45:00','20:15:00','T'),(20748,12521,'17:45:00','20:15:00','W'),(20749,12522,'10:15:00','11:30:00','T'),(20750,12522,'10:15:00','11:30:00','J'),(20751,12523,'13:15:00','14:30:00','M'),(20752,12523,'13:15:00','14:30:00','W'),(20753,12524,'08:45:00','10:00:00','W'),(20754,12524,'08:45:00','10:00:00','F'),(20755,12525,'17:45:00','20:15:00','J'),(20756,12526,'08:45:00','10:00:00','M'),(20757,12526,'08:45:00','10:00:00','W'),(20758,12527,'17:45:00','20:15:00','J'),(20759,12528,'11:45:00','13:00:00','T'),(20760,12528,'11:45:00','13:00:00','J'),(20761,12529,'17:45:00','20:15:00','W'),(20762,12530,'20:30:00','21:20:00','W'),(20763,12531,'20:30:00','21:20:00','W'),(20764,12532,'14:45:00','16:00:00','M'),(20765,12532,'14:45:00','16:00:00','W'),(20766,12533,'13:15:00','14:30:00','M'),(20767,12533,'13:15:00','14:30:00','W'),(20768,12534,'13:15:00','14:30:00','M'),(20769,12534,'13:15:00','14:30:00','W'),(20770,12535,'16:15:00','17:00:00','W'),(20771,12536,'16:15:00','17:05:00','W'),(20772,12537,'17:45:00','20:15:00','J'),(20773,12538,'20:30:00','21:20:00','J'),(20774,12539,'20:30:00','21:20:00','J'),(20775,12540,'17:45:00','20:15:00','M'),(20776,12541,'13:15:00','14:30:00','M'),(20777,12541,'13:15:00','14:30:00','W'),(20778,12542,'14:45:00','17:30:00','J'),(20779,12543,'11:45:00','13:00:00','T'),(20780,12543,'11:45:00','13:00:00','J'),(20781,12544,'13:15:00','14:05:00','T'),(20782,12545,'13:15:00','14:05:00','J'),(20783,12546,'17:45:00','20:15:00','M'),(20784,12547,'17:45:00','20:15:00','M'),(20785,12548,'17:45:00','20:15:00','W'),(20786,12549,'17:45:00','20:15:00','M'),(20787,12550,'14:45:00','16:00:00','T'),(20788,12550,'14:45:00','16:00:00','J'),(20789,12551,'17:45:00','20:15:00','M'),(20790,12552,'13:15:00','14:30:00','T'),(20791,12552,'13:15:00','14:30:00','J'),(20792,12553,'08:45:00','10:00:00','W'),(20793,12553,'08:45:00','10:00:00','F'),(20794,12554,'10:15:00','11:30:00','T'),(20795,12554,'10:15:00','11:30:00','J'),(20796,12555,'11:45:00','13:25:00','J'),(20797,12556,'11:45:00','13:25:00','T'),(20798,12557,'11:45:00','13:25:00','J'),(20799,12558,'17:45:00','20:15:00','T'),(20800,12559,'09:45:00','11:25:00','W'),(20801,12560,'10:15:00','11:55:00','W'),(20802,12561,'10:15:00','11:55:00','W'),(20803,12562,'11:45:00','13:00:00','W'),(20804,12562,'11:45:00','13:00:00','F'),(20805,12563,'14:15:00','15:55:00','F'),(20806,12564,'14:15:00','15:55:00','F'),(20807,12565,'14:15:00','15:55:00','F'),(20808,12566,'10:15:00','11:30:00','W'),(20809,12566,'10:15:00','11:30:00','F'),(20810,12567,'15:15:00','16:05:00','F'),(20811,12568,'15:15:00','16:00:00','F'),(20812,12569,'16:15:00','17:30:00','T'),(20813,12569,'16:15:00','17:30:00','J'),(20814,12570,'13:15:00','14:00:00','T'),(20815,12571,'13:15:00','14:00:00','J'),(20816,12572,'13:15:00','14:00:00','J'),(20817,12573,'10:15:00','11:30:00','W'),(20818,12573,'10:15:00','11:30:00','F'),(20819,12574,'13:15:00','14:30:00','M'),(20820,12574,'13:15:00','14:30:00','W'),(20821,12575,'11:45:00','13:00:00','T'),(20822,12575,'11:45:00','13:00:00','J'),(20823,12576,'16:15:00','17:30:00','M'),(20824,12576,'16:15:00','17:30:00','W'),(20825,12577,'14:15:00','15:00:00','F'),(20826,12578,'14:15:00','15:00:00','F'),(20827,12579,'14:15:00','15:00:00','F'),(20828,12580,'11:45:00','13:00:00','W'),(20829,12580,'11:45:00','13:00:00','F'),(20830,12581,'11:45:00','12:03:00','M'),(20831,12582,'11:45:00','12:03:00','M'),(20832,12583,'16:15:00','17:30:00','M'),(20833,12583,'16:15:00','17:30:00','W'),(20834,12584,'14:45:00','17:30:00','J'),(20835,12585,'09:30:00','12:20:00','W'),(20836,12586,'09:30:00','12:20:00','M'),(20837,12587,'09:30:00','12:20:00','F'),(20838,12588,'09:30:00','12:20:00','T'),(20839,12589,'08:45:00','10:00:00','T'),(20840,12589,'08:45:00','10:00:00','J'),(20841,12590,'13:15:00','14:30:00','T'),(20842,12590,'13:15:00','14:30:00','J'),(20843,12591,'14:45:00','16:00:00','T'),(20844,12591,'14:45:00','16:00:00','J'),(20845,12592,'17:45:00','20:15:00','W'),(20846,12593,'17:45:00','20:15:00','T'),(20847,12594,'10:15:00','13:00:00','M'),(20848,12595,'11:30:00','13:10:00','M'),(20849,12596,'11:30:00','13:10:00','M'),(20850,12597,'13:15:00','14:30:00','M'),(20851,12597,'13:15:00','14:30:00','W'),(20852,12598,'13:15:00','14:30:00','M'),(20853,12598,'13:15:00','14:30:00','W'),(20854,12599,'11:45:00','13:00:00','W'),(20855,12599,'11:45:00','13:00:00','F'),(20856,12600,'11:45:00','13:00:00','W'),(20857,12600,'11:45:00','13:00:00','F'),(20858,12601,'10:15:00','11:30:00','W'),(20859,12601,'10:15:00','11:30:00','F'),(20860,12602,'11:45:00','12:35:00','W'),(20861,12603,'16:45:00','17:35:00','T'),(20862,12604,'17:45:00','20:15:00','F'),(20863,12605,'10:15:00','11:05:00','T'),(20864,12606,'13:15:00','14:30:00','T'),(20865,12606,'13:15:00','14:30:00','J'),(20866,12607,'08:45:00','10:00:00','W'),(20867,12607,'08:45:00','10:00:00','F'),(20868,12608,'11:45:00','13:00:00','T'),(20869,12608,'11:45:00','13:00:00','J'),(20870,12609,'13:15:00','14:55:00','T'),(20871,12610,'17:45:00','20:15:00','F'),(20872,12611,'16:15:00','17:05:00','F'),(20873,12612,'17:45:00','20:15:00','W'),(20874,12613,'08:45:00','10:00:00','T'),(20875,12613,'08:45:00','10:00:00','J'),(20876,12614,'08:30:00','09:30:00','M'),(20877,12615,'17:45:00','20:15:00','M'),(20878,12616,'08:45:00','10:00:00','W'),(20879,12616,'08:45:00','10:00:00','F'),(20880,12617,'16:15:00','17:30:00','T'),(20881,12617,'16:15:00','17:30:00','J'),(20882,12618,'14:45:00','16:00:00','T'),(20883,12618,'14:45:00','16:00:00','J'),(20884,12619,'14:45:00','16:00:00','M'),(20885,12619,'14:45:00','16:00:00','W'),(20886,12620,'13:45:00','14:35:00','W'),(20887,12621,'13:45:00','14:35:00','W'),(20888,12622,'12:15:00','13:00:00','W'),(20889,12623,'11:45:00','13:00:00','T'),(20890,12623,'11:45:00','13:00:00','J'),(20891,12624,'08:45:00','10:02:00','T'),(20892,12625,'08:45:00','10:25:00','T'),(20893,12626,'08:45:00','10:25:00','J'),(20894,12627,'08:45:00','10:25:00','J'),(20895,12628,'14:45:00','16:00:00','T'),(20896,12628,'14:45:00','16:00:00','J'),(20897,12629,'17:40:00','18:03:00','T'),(20898,12630,'17:40:00','18:03:00','J'),(20899,12631,'08:45:00','09:35:00','F'),(20900,12632,'14:45:00','16:00:00','M'),(20901,12632,'14:45:00','16:00:00','W'),(20902,12633,'08:45:00','11:30:00','T'),(20903,12634,'12:15:00','13:05:00','M'),(20904,12635,'12:15:00','13:05:00','M'),(20905,12636,'16:15:00','17:30:00','M'),(20906,12636,'16:15:00','17:30:00','W'),(20907,12637,'13:15:00','14:30:00','W'),(20908,12637,'13:15:00','14:30:00','F'),(20909,12638,'16:15:00','17:30:00','T'),(20910,12638,'16:15:00','17:30:00','J'),(20911,12640,'11:45:00','13:00:00','T'),(20912,12640,'11:45:00','13:00:00','J'),(20913,12641,'17:45:00','20:15:00','W'),(20914,12642,'17:45:00','20:15:00','T'),(20915,12643,'17:45:00','20:15:00','W'),(20916,12644,'10:15:00','11:30:00','T'),(20917,12644,'10:15:00','11:30:00','J'),(20918,12645,'13:15:00','14:30:00','M'),(20919,12645,'13:15:00','14:30:00','W'),(20920,12646,'08:45:00','10:00:00','W'),(20921,12646,'08:45:00','10:00:00','F'),(20922,12647,'17:45:00','20:15:00','J'),(20923,12648,'08:45:00','10:00:00','M'),(20924,12648,'08:45:00','10:00:00','W'),(20925,12649,'17:45:00','20:15:00','J'),(20926,12650,'11:45:00','13:00:00','T'),(20927,12650,'11:45:00','13:00:00','J'),(20928,12651,'17:45:00','20:15:00','W'),(20929,12652,'20:30:00','21:20:00','W'),(20930,12653,'20:30:00','21:20:00','W'),(20931,12654,'14:45:00','16:00:00','M'),(20932,12654,'14:45:00','16:00:00','W'),(20933,12655,'13:15:00','14:30:00','M'),(20934,12655,'13:15:00','14:30:00','W'),(20935,12656,'13:15:00','14:30:00','M'),(20936,12656,'13:15:00','14:30:00','W'),(20937,12657,'16:15:00','17:00:00','W'),(20938,12658,'16:15:00','17:05:00','W'),(20939,12659,'17:45:00','20:15:00','J'),(20940,12660,'20:30:00','21:20:00','J'),(20941,12661,'20:30:00','21:20:00','J'),(20942,12662,'17:45:00','20:15:00','M'),(20943,12663,'13:15:00','14:30:00','M'),(20944,12663,'13:15:00','14:30:00','W'),(20945,12664,'14:45:00','17:30:00','J'),(20946,12665,'11:45:00','13:00:00','T'),(20947,12665,'11:45:00','13:00:00','J'),(20948,12666,'13:15:00','14:05:00','T'),(20949,12667,'13:15:00','14:05:00','J'),(20950,12668,'17:45:00','20:15:00','M'),(20951,12669,'17:45:00','20:15:00','M'),(20952,12670,'17:45:00','20:15:00','W'),(20953,12671,'17:45:00','20:15:00','M'),(20954,12672,'14:45:00','16:00:00','T'),(20955,12672,'14:45:00','16:00:00','J'),(20956,12673,'17:45:00','20:15:00','M'),(20957,12674,'13:15:00','14:30:00','T'),(20958,12674,'13:15:00','14:30:00','J'),(20959,12675,'08:45:00','10:00:00','W'),(20960,12675,'08:45:00','10:00:00','F'),(20961,12676,'10:15:00','11:30:00','T'),(20962,12676,'10:15:00','11:30:00','J'),(20963,12677,'11:45:00','13:25:00','J'),(20964,12678,'11:45:00','13:25:00','T'),(20965,12679,'11:45:00','13:25:00','J'),(20966,12680,'17:45:00','20:15:00','T'),(20967,12681,'09:45:00','11:25:00','W'),(20968,12682,'10:15:00','11:55:00','W'),(20969,12683,'10:15:00','11:55:00','W'),(20970,12684,'11:45:00','13:00:00','W'),(20971,12684,'11:45:00','13:00:00','F'),(20972,12685,'14:15:00','15:55:00','F'),(20973,12686,'14:15:00','15:55:00','F'),(20974,12687,'14:15:00','15:55:00','F'),(20975,12688,'10:15:00','11:30:00','W'),(20976,12688,'10:15:00','11:30:00','F'),(20977,12689,'15:15:00','16:05:00','F'),(20978,12690,'15:15:00','16:00:00','F'),(20979,12691,'16:15:00','17:30:00','T'),(20980,12691,'16:15:00','17:30:00','J'),(20981,12692,'13:15:00','14:00:00','T'),(20982,12693,'13:15:00','14:00:00','J'),(20983,12694,'13:15:00','14:00:00','J'),(20984,12695,'10:15:00','11:30:00','W'),(20985,12695,'10:15:00','11:30:00','F'),(20986,12696,'13:15:00','14:30:00','M'),(20987,12696,'13:15:00','14:30:00','W'),(20988,12697,'11:45:00','13:00:00','T'),(20989,12697,'11:45:00','13:00:00','J'),(20990,12698,'16:15:00','17:30:00','M'),(20991,12698,'16:15:00','17:30:00','W'),(20992,12699,'14:15:00','15:00:00','F'),(20993,12700,'14:15:00','15:00:00','F'),(20994,12701,'14:15:00','15:00:00','F'),(20995,12702,'11:45:00','13:00:00','W'),(20996,12702,'11:45:00','13:00:00','F'),(20997,12703,'11:45:00','12:03:00','M'),(20998,12704,'11:45:00','12:03:00','M'),(20999,12705,'16:15:00','17:30:00','M'),(21000,12705,'16:15:00','17:30:00','W'),(21001,12706,'14:45:00','17:30:00','J'),(21002,12707,'09:30:00','12:20:00','W'),(21003,12708,'09:30:00','12:20:00','M'),(21004,12709,'09:30:00','12:20:00','F'),(21005,12710,'09:30:00','12:20:00','T'),(21006,12711,'08:45:00','10:00:00','T'),(21007,12711,'08:45:00','10:00:00','J'),(21008,12712,'13:15:00','14:30:00','T'),(21009,12712,'13:15:00','14:30:00','J'),(21010,12713,'14:45:00','16:00:00','T'),(21011,12713,'14:45:00','16:00:00','J'),(21012,12714,'17:45:00','20:15:00','W'),(21013,12715,'17:45:00','20:15:00','T'),(21014,12716,'14:45:00','16:00:00','T'),(21015,12716,'14:45:00','16:00:00','J'),(21016,12717,'17:45:00','20:15:00','M'),(21017,12718,'17:45:00','20:15:00','T'),(21018,12719,'14:45:00','16:00:00','T'),(21019,12719,'14:45:00','16:00:00','J'),(21020,12720,'10:15:00','13:00:00','M'),(21021,12721,'11:30:00','13:10:00','M'),(21022,12722,'11:30:00','13:10:00','M'),(21023,12723,'13:15:00','14:30:00','M'),(21024,12723,'13:15:00','14:30:00','W'),(21025,12724,'13:15:00','14:30:00','M'),(21026,12724,'13:15:00','14:30:00','W'),(21027,12725,'11:45:00','13:00:00','W'),(21028,12725,'11:45:00','13:00:00','F'),(21029,12726,'11:45:00','13:00:00','W'),(21030,12726,'11:45:00','13:00:00','F'),(21031,12727,'10:15:00','11:30:00','W'),(21032,12727,'10:15:00','11:30:00','F'),(21033,12728,'11:45:00','12:35:00','W'),(21034,12729,'16:45:00','17:35:00','T'),(21035,12730,'17:45:00','20:15:00','F'),(21036,12731,'10:15:00','11:05:00','T'),(21037,12732,'13:15:00','14:30:00','T'),(21038,12732,'13:15:00','14:30:00','J'),(21039,12733,'08:45:00','10:00:00','W'),(21040,12733,'08:45:00','10:00:00','F'),(21041,12734,'11:45:00','13:00:00','T'),(21042,12734,'11:45:00','13:00:00','J'),(21043,12735,'13:15:00','14:55:00','T'),(21044,12736,'17:45:00','20:15:00','F'),(21045,12737,'16:15:00','17:05:00','F'),(21046,12738,'17:45:00','20:15:00','W'),(21047,12739,'08:45:00','10:00:00','T'),(21048,12739,'08:45:00','10:00:00','J'),(21049,12740,'08:30:00','09:30:00','M'),(21050,12741,'17:45:00','20:15:00','M'),(21051,12742,'08:45:00','10:00:00','W'),(21052,12742,'08:45:00','10:00:00','F'),(21053,12743,'16:15:00','17:30:00','T'),(21054,12743,'16:15:00','17:30:00','J'),(21055,12744,'14:45:00','16:00:00','T'),(21056,12744,'14:45:00','16:00:00','J'),(21057,12745,'14:45:00','16:00:00','M'),(21058,12745,'14:45:00','16:00:00','W'),(21059,12746,'13:45:00','14:35:00','W'),(21060,12747,'13:45:00','14:35:00','W'),(21061,12748,'12:15:00','13:00:00','W'),(21062,12749,'11:45:00','13:00:00','T'),(21063,12749,'11:45:00','13:00:00','J'),(21064,12750,'08:45:00','10:02:00','T'),(21065,12751,'08:45:00','10:25:00','T'),(21066,12752,'08:45:00','10:25:00','J'),(21067,12753,'08:45:00','10:25:00','J'),(21068,12754,'14:45:00','16:00:00','T'),(21069,12754,'14:45:00','16:00:00','J'),(21070,12755,'17:40:00','18:03:00','T'),(21071,12756,'17:40:00','18:03:00','J'),(21072,12757,'08:45:00','09:35:00','F'),(21073,12758,'14:45:00','16:00:00','M'),(21074,12758,'14:45:00','16:00:00','W'),(21075,12759,'08:45:00','11:30:00','T'),(21076,12760,'12:15:00','13:05:00','M'),(21077,12761,'12:15:00','13:05:00','M'),(21078,12762,'16:15:00','17:30:00','M'),(21079,12762,'16:15:00','17:30:00','W'),(21080,12763,'13:15:00','14:30:00','W'),(21081,12763,'13:15:00','14:30:00','F'),(21082,12764,'16:15:00','17:30:00','T'),(21083,12764,'16:15:00','17:30:00','J'),(21084,12766,'11:45:00','13:00:00','T'),(21085,12766,'11:45:00','13:00:00','J'),(21086,12767,'17:45:00','20:15:00','W'),(21087,12768,'17:45:00','20:15:00','T'),(21088,12769,'17:45:00','20:15:00','W'),(21089,12770,'10:15:00','11:30:00','T'),(21090,12770,'10:15:00','11:30:00','J'),(21091,12771,'13:15:00','14:30:00','M'),(21092,12771,'13:15:00','14:30:00','W'),(21093,12772,'08:45:00','10:00:00','W'),(21094,12772,'08:45:00','10:00:00','F'),(21095,12773,'17:45:00','20:15:00','J'),(21096,12774,'08:45:00','10:00:00','M'),(21097,12774,'08:45:00','10:00:00','W'),(21098,12775,'17:45:00','20:15:00','J'),(21099,12776,'11:45:00','13:00:00','T'),(21100,12776,'11:45:00','13:00:00','J'),(21101,12777,'17:45:00','20:15:00','W'),(21102,12778,'20:30:00','21:20:00','W'),(21103,12779,'20:30:00','21:20:00','W'),(21104,12780,'14:45:00','16:00:00','M'),(21105,12780,'14:45:00','16:00:00','W'),(21106,12781,'13:15:00','14:30:00','M'),(21107,12781,'13:15:00','14:30:00','W'),(21108,12782,'13:15:00','14:30:00','M'),(21109,12782,'13:15:00','14:30:00','W'),(21110,12783,'16:15:00','17:00:00','W'),(21111,12784,'16:15:00','17:05:00','W'),(21112,12785,'17:45:00','20:15:00','J'),(21113,12786,'20:30:00','21:20:00','J'),(21114,12787,'20:30:00','21:20:00','J'),(21115,12788,'17:45:00','20:15:00','M'),(21116,12789,'13:15:00','14:30:00','M'),(21117,12789,'13:15:00','14:30:00','W'),(21118,12790,'14:45:00','17:30:00','J'),(21119,12791,'11:45:00','13:00:00','T'),(21120,12791,'11:45:00','13:00:00','J'),(21121,12792,'13:15:00','14:05:00','T'),(21122,12793,'13:15:00','14:05:00','J'),(21123,12794,'17:45:00','20:15:00','M'),(21124,12795,'17:45:00','20:15:00','M'),(21125,12796,'17:45:00','20:15:00','W'),(21126,12797,'17:45:00','20:15:00','M'),(21127,12798,'14:45:00','16:00:00','T'),(21128,12798,'14:45:00','16:00:00','J'),(21129,12799,'17:45:00','20:15:00','M'),(21130,12800,'13:15:00','14:30:00','T'),(21131,12800,'13:15:00','14:30:00','J'),(21132,12801,'08:45:00','10:00:00','W'),(21133,12801,'08:45:00','10:00:00','F'),(21134,12802,'10:15:00','11:30:00','T'),(21135,12802,'10:15:00','11:30:00','J'),(21136,12803,'11:45:00','13:25:00','J'),(21137,12804,'11:45:00','13:25:00','T'),(21138,12805,'11:45:00','13:25:00','J'),(21139,12806,'17:45:00','20:15:00','T'),(21140,12807,'09:45:00','11:25:00','W'),(21141,12808,'10:15:00','11:55:00','W'),(21142,12809,'10:15:00','11:55:00','W'),(21143,12810,'11:45:00','13:00:00','W'),(21144,12810,'11:45:00','13:00:00','F'),(21145,12811,'14:15:00','15:55:00','F'),(21146,12812,'14:15:00','15:55:00','F'),(21147,12813,'14:15:00','15:55:00','F'),(21148,12814,'10:15:00','11:30:00','W'),(21149,12814,'10:15:00','11:30:00','F'),(21150,12815,'15:15:00','16:05:00','F'),(21151,12816,'15:15:00','16:00:00','F'),(21152,12817,'16:15:00','17:30:00','T'),(21153,12817,'16:15:00','17:30:00','J'),(21154,12818,'13:15:00','14:00:00','T'),(21155,12819,'13:15:00','14:00:00','J'),(21156,12820,'13:15:00','14:00:00','J'),(21157,12821,'10:15:00','11:30:00','W'),(21158,12821,'10:15:00','11:30:00','F'),(21159,12822,'13:15:00','14:30:00','M'),(21160,12822,'13:15:00','14:30:00','W'),(21161,12823,'11:45:00','13:00:00','T'),(21162,12823,'11:45:00','13:00:00','J'),(21163,12824,'16:15:00','17:30:00','M'),(21164,12824,'16:15:00','17:30:00','W'),(21165,12825,'14:15:00','15:00:00','F'),(21166,12826,'14:15:00','15:00:00','F'),(21167,12827,'14:15:00','15:00:00','F'),(21168,12828,'11:45:00','13:00:00','W'),(21169,12828,'11:45:00','13:00:00','F'),(21170,12829,'11:45:00','12:03:00','M'),(21171,12830,'11:45:00','12:03:00','M'),(21172,12831,'16:15:00','17:30:00','M'),(21173,12831,'16:15:00','17:30:00','W'),(21174,12832,'14:45:00','17:30:00','J'),(21175,12833,'09:30:00','12:20:00','W'),(21176,12834,'09:30:00','12:20:00','M'),(21177,12835,'09:30:00','12:20:00','F'),(21178,12836,'09:30:00','12:20:00','T'),(21179,12837,'08:45:00','10:00:00','T'),(21180,12837,'08:45:00','10:00:00','J'),(21181,12838,'13:15:00','14:30:00','T'),(21182,12838,'13:15:00','14:30:00','J'),(21183,12839,'14:45:00','16:00:00','T'),(21184,12839,'14:45:00','16:00:00','J'),(21185,12840,'17:45:00','20:15:00','W'),(21186,12841,'17:45:00','20:15:00','T'),(21187,12842,'14:45:00','16:00:00','T'),(21188,12842,'14:45:00','16:00:00','J'),(21189,12843,'17:45:00','20:15:00','M'),(21190,12844,'17:45:00','20:15:00','T'),(21191,12845,'14:45:00','16:00:00','T'),(21192,12845,'14:45:00','16:00:00','J'),(21193,12846,'16:15:00','17:30:00','T'),(21194,12847,'16:15:00','17:30:00','J'),(21195,12848,'14:45:00','16:00:00','T'),(21196,12848,'14:45:00','16:00:00','J'),(21197,12849,'14:45:00','16:00:00','T'),(21198,12849,'14:45:00','16:00:00','J'),(21199,12850,'14:45:00','16:00:00','T'),(21200,12850,'14:45:00','16:00:00','J'),(21201,12851,'16:15:00','17:30:00','M'),(21202,12851,'16:15:00','17:30:00','W'),(21203,12852,'11:45:00','13:00:00','T'),(21204,12852,'11:45:00','13:00:00','J'),(21205,12853,'08:45:00','10:00:00','W'),(21206,12853,'08:45:00','10:00:00','F'),(21207,12854,'10:15:00','11:30:00','W'),(21208,12854,'10:15:00','11:30:00','F'),(21209,12855,'08:45:00','10:00:00','T'),(21210,12855,'08:45:00','10:00:00','J'),(21211,12856,'08:45:00','10:00:00','T'),(21212,12856,'08:45:00','10:00:00','J'),(21213,12857,'10:15:00','11:30:00','W'),(21214,12857,'10:15:00','11:30:00','F'),(21215,12858,'11:45:00','13:00:00','T'),(21216,12858,'11:45:00','13:00:00','J'),(21217,12859,'11:45:00','13:00:00','T'),(21218,12859,'11:45:00','13:00:00','J'),(21219,12860,'11:45:00','13:00:00','T'),(21220,12860,'11:45:00','13:00:00','J'),(21221,12861,'10:15:00','11:30:00','W'),(21222,12861,'10:15:00','11:30:00','F'),(21223,12862,'11:45:00','13:00:00','T'),(21224,12862,'11:45:00','13:00:00','J'),(21225,12863,'11:45:00','13:00:00','T'),(21226,12863,'11:45:00','13:00:00','J'),(21227,12864,'17:45:00','20:15:00','W'),(21228,12865,'20:30:00','21:20:00','W'),(21229,12866,'20:30:00','21:20:00','W'),(21230,12867,'13:15:00','14:30:00','T'),(21231,12867,'13:15:00','14:30:00','J'),(21232,12868,'16:15:00','17:05:00','F'),(21233,12869,'16:15:00','17:05:00','F'),(21234,12870,'16:15:00','17:05:00','F'),(21235,12871,'08:45:00','10:00:00','W'),(21236,12871,'08:45:00','10:00:00','F'),(21237,12872,'15:15:00','16:05:00','F'),(21238,12873,'15:15:00','16:00:00','F'),(21239,12874,'13:15:00','14:30:00','T'),(21240,12874,'13:15:00','14:30:00','J'),(21241,12875,'16:15:00','17:05:00','F'),(21242,12876,'13:15:00','14:00:00','F'),(21243,12877,'13:15:00','14:00:00','F'),(21244,12878,'13:15:00','14:30:00','T'),(21245,12878,'13:15:00','14:30:00','J'),(21246,12879,'08:45:00','10:00:00','W'),(21247,12879,'08:45:00','10:00:00','F'),(21248,12880,'10:15:00','11:30:00','T'),(21249,12880,'10:15:00','11:30:00','J'),(21250,12881,'17:45:00','20:15:00','F'),(21251,12882,'11:45:00','13:00:00','T'),(21252,12882,'11:45:00','13:00:00','J'),(21253,12883,'11:45:00','13:00:00','T'),(21254,12883,'11:45:00','13:00:00','J'),(21255,12884,'14:45:00','16:00:00','T'),(21256,12884,'14:45:00','16:00:00','J'),(21257,12885,'10:15:00','11:30:00','W'),(21258,12885,'10:15:00','11:30:00','F'),(21259,12886,'17:45:00','20:15:00','J'),(21260,12887,'13:15:00','14:30:00','T'),(21261,12887,'13:15:00','14:30:00','J'),(21262,12888,'08:45:00','10:00:00','W'),(21263,12888,'08:45:00','10:00:00','F'),(21264,12889,'10:15:00','13:00:00','M'),(21265,12890,'11:30:00','13:10:00','M'),(21266,12891,'11:30:00','13:10:00','M'),(21267,12892,'13:15:00','14:30:00','M'),(21268,12892,'13:15:00','14:30:00','W'),(21269,12893,'13:15:00','14:30:00','M'),(21270,12893,'13:15:00','14:30:00','W'),(21271,12894,'11:45:00','13:00:00','W'),(21272,12894,'11:45:00','13:00:00','F'),(21273,12895,'11:45:00','13:00:00','W'),(21274,12895,'11:45:00','13:00:00','F'),(21275,12896,'10:15:00','11:30:00','W'),(21276,12896,'10:15:00','11:30:00','F'),(21277,12897,'11:45:00','12:35:00','W'),(21278,12898,'16:45:00','17:35:00','T'),(21279,12899,'17:45:00','20:15:00','F'),(21280,12900,'10:15:00','11:05:00','T'),(21281,12901,'13:15:00','14:30:00','T'),(21282,12901,'13:15:00','14:30:00','J'),(21283,12902,'08:45:00','10:00:00','W'),(21284,12902,'08:45:00','10:00:00','F'),(21285,12903,'11:45:00','13:00:00','T'),(21286,12903,'11:45:00','13:00:00','J'),(21287,12904,'13:15:00','14:55:00','T'),(21288,12905,'17:45:00','20:15:00','F'),(21289,12906,'16:15:00','17:05:00','F'),(21290,12907,'17:45:00','20:15:00','W'),(21291,12908,'08:45:00','10:00:00','T'),(21292,12908,'08:45:00','10:00:00','J'),(21293,12909,'08:30:00','09:30:00','M'),(21294,12910,'17:45:00','20:15:00','M'),(21295,12911,'08:45:00','10:00:00','W'),(21296,12911,'08:45:00','10:00:00','F'),(21297,12912,'16:15:00','17:30:00','T'),(21298,12912,'16:15:00','17:30:00','J'),(21299,12913,'14:45:00','16:00:00','T'),(21300,12913,'14:45:00','16:00:00','J'),(21301,12914,'14:45:00','16:00:00','M'),(21302,12914,'14:45:00','16:00:00','W'),(21303,12915,'13:45:00','14:35:00','W'),(21304,12916,'13:45:00','14:35:00','W'),(21305,12917,'12:15:00','13:00:00','W'),(21306,12918,'11:45:00','13:00:00','T'),(21307,12918,'11:45:00','13:00:00','J'),(21308,12919,'08:45:00','10:02:00','T'),(21309,12920,'08:45:00','10:25:00','T'),(21310,12921,'08:45:00','10:25:00','J'),(21311,12922,'08:45:00','10:25:00','J'),(21312,12923,'14:45:00','16:00:00','T'),(21313,12923,'14:45:00','16:00:00','J'),(21314,12924,'17:40:00','18:03:00','T'),(21315,12925,'17:40:00','18:03:00','J'),(21316,12926,'08:45:00','09:35:00','F'),(21317,12927,'14:45:00','16:00:00','M'),(21318,12927,'14:45:00','16:00:00','W'),(21319,12928,'08:45:00','11:30:00','T'),(21320,12929,'12:15:00','13:05:00','M'),(21321,12930,'12:15:00','13:05:00','M'),(21322,12931,'16:15:00','17:30:00','M'),(21323,12931,'16:15:00','17:30:00','W'),(21324,12932,'13:15:00','14:30:00','W'),(21325,12932,'13:15:00','14:30:00','F'),(21326,12933,'16:15:00','17:30:00','T'),(21327,12933,'16:15:00','17:30:00','J'),(21328,12935,'11:45:00','13:00:00','T'),(21329,12935,'11:45:00','13:00:00','J'),(21330,12936,'17:45:00','20:15:00','W'),(21331,12937,'17:45:00','20:15:00','T'),(21332,12938,'17:45:00','20:15:00','W'),(21333,12939,'10:15:00','11:30:00','T'),(21334,12939,'10:15:00','11:30:00','J'),(21335,12940,'13:15:00','14:30:00','M'),(21336,12940,'13:15:00','14:30:00','W'),(21337,12941,'08:45:00','10:00:00','W'),(21338,12941,'08:45:00','10:00:00','F'),(21339,12942,'17:45:00','20:15:00','J'),(21340,12943,'08:45:00','10:00:00','M'),(21341,12943,'08:45:00','10:00:00','W'),(21342,12944,'17:45:00','20:15:00','J'),(21343,12945,'11:45:00','13:00:00','T'),(21344,12945,'11:45:00','13:00:00','J'),(21345,12946,'17:45:00','20:15:00','W'),(21346,12947,'20:30:00','21:20:00','W'),(21347,12948,'20:30:00','21:20:00','W'),(21348,12949,'14:45:00','16:00:00','M'),(21349,12949,'14:45:00','16:00:00','W'),(21350,12950,'13:15:00','14:30:00','M'),(21351,12950,'13:15:00','14:30:00','W'),(21352,12951,'13:15:00','14:30:00','M'),(21353,12951,'13:15:00','14:30:00','W'),(21354,12952,'16:15:00','17:00:00','W'),(21355,12953,'16:15:00','17:05:00','W'),(21356,12954,'17:45:00','20:15:00','J'),(21357,12955,'20:30:00','21:20:00','J'),(21358,12956,'20:30:00','21:20:00','J'),(21359,12957,'17:45:00','20:15:00','M'),(21360,12958,'13:15:00','14:30:00','M'),(21361,12958,'13:15:00','14:30:00','W'),(21362,12959,'14:45:00','17:30:00','J'),(21363,12960,'11:45:00','13:00:00','T'),(21364,12960,'11:45:00','13:00:00','J'),(21365,12961,'13:15:00','14:05:00','T'),(21366,12962,'13:15:00','14:05:00','J'),(21367,12963,'17:45:00','20:15:00','M'),(21368,12964,'17:45:00','20:15:00','M'),(21369,12965,'17:45:00','20:15:00','W'),(21370,12966,'17:45:00','20:15:00','M'),(21371,12967,'14:45:00','16:00:00','T'),(21372,12967,'14:45:00','16:00:00','J'),(21373,12968,'17:45:00','20:15:00','M'),(21374,12969,'13:15:00','14:30:00','T'),(21375,12969,'13:15:00','14:30:00','J'),(21376,12970,'08:45:00','10:00:00','W'),(21377,12970,'08:45:00','10:00:00','F'),(21378,12971,'10:15:00','11:30:00','T'),(21379,12971,'10:15:00','11:30:00','J'),(21380,12972,'11:45:00','13:25:00','J'),(21381,12973,'11:45:00','13:25:00','T'),(21382,12974,'11:45:00','13:25:00','J'),(21383,12975,'17:45:00','20:15:00','T'),(21384,12976,'09:45:00','11:25:00','W'),(21385,12977,'10:15:00','11:55:00','W'),(21386,12978,'10:15:00','11:55:00','W'),(21387,12979,'11:45:00','13:00:00','W'),(21388,12979,'11:45:00','13:00:00','F'),(21389,12980,'14:15:00','15:55:00','F'),(21390,12981,'14:15:00','15:55:00','F'),(21391,12982,'14:15:00','15:55:00','F'),(21392,12983,'10:15:00','11:30:00','W'),(21393,12983,'10:15:00','11:30:00','F'),(21394,12984,'15:15:00','16:05:00','F'),(21395,12985,'15:15:00','16:00:00','F'),(21396,12986,'16:15:00','17:30:00','T'),(21397,12986,'16:15:00','17:30:00','J'),(21398,12987,'13:15:00','14:00:00','T'),(21399,12988,'13:15:00','14:00:00','J'),(21400,12989,'13:15:00','14:00:00','J'),(21401,12990,'10:15:00','11:30:00','W'),(21402,12990,'10:15:00','11:30:00','F'),(21403,12991,'13:15:00','14:30:00','M'),(21404,12991,'13:15:00','14:30:00','W'),(21405,12992,'11:45:00','13:00:00','T'),(21406,12992,'11:45:00','13:00:00','J'),(21407,12993,'16:15:00','17:30:00','M'),(21408,12993,'16:15:00','17:30:00','W'),(21409,12994,'14:15:00','15:00:00','F'),(21410,12995,'14:15:00','15:00:00','F'),(21411,12996,'14:15:00','15:00:00','F'),(21412,12997,'11:45:00','13:00:00','W'),(21413,12997,'11:45:00','13:00:00','F'),(21414,12998,'11:45:00','12:03:00','M'),(21415,12999,'11:45:00','12:03:00','M'),(21416,13000,'16:15:00','17:30:00','M'),(21417,13000,'16:15:00','17:30:00','W'),(21418,13001,'14:45:00','17:30:00','J'),(21419,13002,'09:30:00','12:20:00','W'),(21420,13003,'09:30:00','12:20:00','M'),(21421,13004,'09:30:00','12:20:00','F'),(21422,13005,'09:30:00','12:20:00','T'),(21423,13006,'08:45:00','10:00:00','T'),(21424,13006,'08:45:00','10:00:00','J'),(21425,13007,'13:15:00','14:30:00','T'),(21426,13007,'13:15:00','14:30:00','J'),(21427,13008,'14:45:00','16:00:00','T'),(21428,13008,'14:45:00','16:00:00','J'),(21429,13009,'17:45:00','20:15:00','W'),(21430,13010,'17:45:00','20:15:00','T'),(21431,13011,'14:45:00','16:00:00','T'),(21432,13011,'14:45:00','16:00:00','J'),(21433,13012,'17:45:00','20:15:00','M'),(21434,13013,'17:45:00','20:15:00','T'),(21435,13014,'14:45:00','16:00:00','T'),(21436,13014,'14:45:00','16:00:00','J'),(21437,13015,'16:15:00','17:30:00','T'),(21438,13016,'16:15:00','17:30:00','J'),(21439,13017,'14:45:00','16:00:00','T'),(21440,13017,'14:45:00','16:00:00','J'),(21441,13018,'14:45:00','16:00:00','T'),(21442,13018,'14:45:00','16:00:00','J'),(21443,13019,'14:45:00','16:00:00','T'),(21444,13019,'14:45:00','16:00:00','J'),(21445,13020,'16:15:00','17:30:00','M'),(21446,13020,'16:15:00','17:30:00','W'),(21447,13021,'11:45:00','13:00:00','T'),(21448,13021,'11:45:00','13:00:00','J'),(21449,13022,'08:45:00','10:00:00','W'),(21450,13022,'08:45:00','10:00:00','F'),(21451,13023,'10:15:00','11:30:00','W'),(21452,13023,'10:15:00','11:30:00','F'),(21453,13024,'08:45:00','10:00:00','T'),(21454,13024,'08:45:00','10:00:00','J'),(21455,13025,'08:45:00','10:00:00','T'),(21456,13025,'08:45:00','10:00:00','J'),(21457,13026,'10:15:00','11:30:00','W'),(21458,13026,'10:15:00','11:30:00','F'),(21459,13027,'11:45:00','13:00:00','T'),(21460,13027,'11:45:00','13:00:00','J'),(21461,13028,'11:45:00','13:00:00','T'),(21462,13028,'11:45:00','13:00:00','J'),(21463,13029,'11:45:00','13:00:00','T'),(21464,13029,'11:45:00','13:00:00','J'),(21465,13030,'10:15:00','11:30:00','W'),(21466,13030,'10:15:00','11:30:00','F'),(21467,13031,'11:45:00','13:00:00','T'),(21468,13031,'11:45:00','13:00:00','J'),(21469,13032,'11:45:00','13:00:00','T'),(21470,13032,'11:45:00','13:00:00','J'),(21471,13033,'17:45:00','20:15:00','W'),(21472,13034,'20:30:00','21:20:00','W'),(21473,13035,'20:30:00','21:20:00','W'),(21474,13036,'13:15:00','14:30:00','T'),(21475,13036,'13:15:00','14:30:00','J'),(21476,13037,'16:15:00','17:05:00','F'),(21477,13038,'16:15:00','17:05:00','F'),(21478,13039,'16:15:00','17:05:00','F'),(21479,13040,'08:45:00','10:00:00','W'),(21480,13040,'08:45:00','10:00:00','F'),(21481,13041,'15:15:00','16:05:00','F'),(21482,13042,'15:15:00','16:00:00','F'),(21483,13043,'13:15:00','14:30:00','T'),(21484,13043,'13:15:00','14:30:00','J'),(21485,13044,'16:15:00','17:05:00','F'),(21486,13045,'13:15:00','14:00:00','F'),(21487,13046,'13:15:00','14:00:00','F'),(21488,13047,'13:15:00','14:30:00','T'),(21489,13047,'13:15:00','14:30:00','J'),(21490,13048,'08:45:00','10:00:00','W'),(21491,13048,'08:45:00','10:00:00','F'),(21492,13049,'10:15:00','11:30:00','T'),(21493,13049,'10:15:00','11:30:00','J'),(21494,13050,'17:45:00','20:15:00','F'),(21495,13051,'11:45:00','13:00:00','T'),(21496,13051,'11:45:00','13:00:00','J'),(21497,13052,'11:45:00','13:00:00','T'),(21498,13052,'11:45:00','13:00:00','J'),(21499,13053,'14:45:00','16:00:00','T'),(21500,13053,'14:45:00','16:00:00','J'),(21501,13054,'10:15:00','11:30:00','W'),(21502,13054,'10:15:00','11:30:00','F'),(21503,13055,'17:45:00','20:15:00','J'),(21504,13056,'13:15:00','14:30:00','T'),(21505,13056,'13:15:00','14:30:00','J'),(21506,13057,'08:45:00','10:00:00','W'),(21507,13057,'08:45:00','10:00:00','F'),(21508,13058,'10:15:00','13:00:00','M'),(21509,13059,'11:30:00','13:10:00','M'),(21510,13060,'11:30:00','13:10:00','M'),(21511,13061,'13:15:00','14:30:00','M'),(21512,13061,'13:15:00','14:30:00','W'),(21513,13062,'13:15:00','14:30:00','M'),(21514,13062,'13:15:00','14:30:00','W'),(21515,13063,'11:45:00','13:00:00','W'),(21516,13063,'11:45:00','13:00:00','F'),(21517,13064,'11:45:00','13:00:00','W'),(21518,13064,'11:45:00','13:00:00','F'),(21519,13065,'10:15:00','11:30:00','W'),(21520,13065,'10:15:00','11:30:00','F'),(21521,13066,'11:45:00','12:35:00','W'),(21522,13067,'16:45:00','17:35:00','T'),(21523,13068,'17:45:00','20:15:00','F'),(21524,13069,'10:15:00','11:05:00','T'),(21525,13070,'13:15:00','14:30:00','T'),(21526,13070,'13:15:00','14:30:00','J'),(21527,13071,'08:45:00','10:00:00','W'),(21528,13071,'08:45:00','10:00:00','F'),(21529,13072,'11:45:00','13:00:00','T'),(21530,13072,'11:45:00','13:00:00','J'),(21531,13073,'13:15:00','14:55:00','T'),(21532,13074,'17:45:00','20:15:00','F'),(21533,13075,'16:15:00','17:05:00','F'),(21534,13076,'17:45:00','20:15:00','W'),(21535,13077,'08:45:00','10:00:00','T'),(21536,13077,'08:45:00','10:00:00','J'),(21537,13078,'08:30:00','09:30:00','M'),(21538,13079,'17:45:00','20:15:00','M'),(21539,13080,'08:45:00','10:00:00','W'),(21540,13080,'08:45:00','10:00:00','F'),(21541,13081,'16:15:00','17:30:00','T'),(21542,13081,'16:15:00','17:30:00','J'),(21543,13082,'14:45:00','16:00:00','T'),(21544,13082,'14:45:00','16:00:00','J'),(21545,13083,'14:45:00','16:00:00','M'),(21546,13083,'14:45:00','16:00:00','W'),(21547,13084,'13:45:00','14:35:00','W'),(21548,13085,'13:45:00','14:35:00','W'),(21549,13086,'12:15:00','13:00:00','W'),(21550,13087,'11:45:00','13:00:00','T'),(21551,13087,'11:45:00','13:00:00','J'),(21552,13088,'08:45:00','10:02:00','T'),(21553,13089,'08:45:00','10:25:00','T'),(21554,13090,'08:45:00','10:25:00','J'),(21555,13091,'08:45:00','10:25:00','J'),(21556,13092,'14:45:00','16:00:00','T'),(21557,13092,'14:45:00','16:00:00','J'),(21558,13093,'17:40:00','18:03:00','T'),(21559,13094,'17:40:00','18:03:00','J'),(21560,13095,'08:45:00','09:35:00','F'),(21561,13096,'14:45:00','16:00:00','M'),(21562,13096,'14:45:00','16:00:00','W'),(21563,13097,'08:45:00','11:30:00','T'),(21564,13098,'12:15:00','13:05:00','M'),(21565,13099,'12:15:00','13:05:00','M'),(21566,13100,'16:15:00','17:30:00','M'),(21567,13100,'16:15:00','17:30:00','W'),(21568,13101,'13:15:00','14:30:00','W'),(21569,13101,'13:15:00','14:30:00','F'),(21570,13102,'16:15:00','17:30:00','T'),(21571,13102,'16:15:00','17:30:00','J'),(21572,13104,'11:45:00','13:00:00','T'),(21573,13104,'11:45:00','13:00:00','J'),(21574,13105,'17:45:00','20:15:00','W'),(21575,13106,'17:45:00','20:15:00','T'),(21576,13107,'17:45:00','20:15:00','W'),(21577,13108,'10:15:00','11:30:00','T'),(21578,13108,'10:15:00','11:30:00','J'),(21579,13109,'13:15:00','14:30:00','M'),(21580,13109,'13:15:00','14:30:00','W'),(21581,13110,'08:45:00','10:00:00','W'),(21582,13110,'08:45:00','10:00:00','F'),(21583,13111,'17:45:00','20:15:00','J'),(21584,13112,'08:45:00','10:00:00','M'),(21585,13112,'08:45:00','10:00:00','W'),(21586,13113,'17:45:00','20:15:00','J'),(21587,13114,'11:45:00','13:00:00','T'),(21588,13114,'11:45:00','13:00:00','J'),(21589,13115,'17:45:00','20:15:00','W'),(21590,13116,'20:30:00','21:20:00','W'),(21591,13117,'20:30:00','21:20:00','W'),(21592,13118,'14:45:00','16:00:00','M'),(21593,13118,'14:45:00','16:00:00','W'),(21594,13119,'13:15:00','14:30:00','M'),(21595,13119,'13:15:00','14:30:00','W'),(21596,13120,'13:15:00','14:30:00','M'),(21597,13120,'13:15:00','14:30:00','W'),(21598,13121,'16:15:00','17:00:00','W'),(21599,13122,'16:15:00','17:05:00','W'),(21600,13123,'17:45:00','20:15:00','J'),(21601,13124,'20:30:00','21:20:00','J'),(21602,13125,'20:30:00','21:20:00','J'),(21603,13126,'17:45:00','20:15:00','M'),(21604,13127,'13:15:00','14:30:00','M'),(21605,13127,'13:15:00','14:30:00','W'),(21606,13128,'14:45:00','17:30:00','J'),(21607,13129,'11:45:00','13:00:00','T'),(21608,13129,'11:45:00','13:00:00','J'),(21609,13130,'13:15:00','14:05:00','T'),(21610,13131,'13:15:00','14:05:00','J'),(21611,13132,'17:45:00','20:15:00','M'),(21612,13133,'17:45:00','20:15:00','M'),(21613,13134,'17:45:00','20:15:00','W'),(21614,13135,'17:45:00','20:15:00','M'),(21615,13136,'14:45:00','16:00:00','T'),(21616,13136,'14:45:00','16:00:00','J'),(21617,13137,'17:45:00','20:15:00','M'),(21618,13138,'13:15:00','14:30:00','T'),(21619,13138,'13:15:00','14:30:00','J'),(21620,13139,'08:45:00','10:00:00','W'),(21621,13139,'08:45:00','10:00:00','F'),(21622,13140,'10:15:00','11:30:00','T'),(21623,13140,'10:15:00','11:30:00','J'),(21624,13141,'11:45:00','13:25:00','J'),(21625,13142,'11:45:00','13:25:00','T'),(21626,13143,'11:45:00','13:25:00','J'),(21627,13144,'17:45:00','20:15:00','T'),(21628,13145,'09:45:00','11:25:00','W'),(21629,13146,'10:15:00','11:55:00','W'),(21630,13147,'10:15:00','11:55:00','W'),(21631,13148,'11:45:00','13:00:00','W'),(21632,13148,'11:45:00','13:00:00','F'),(21633,13149,'14:15:00','15:55:00','F'),(21634,13150,'14:15:00','15:55:00','F'),(21635,13151,'14:15:00','15:55:00','F'),(21636,13152,'10:15:00','11:30:00','W'),(21637,13152,'10:15:00','11:30:00','F'),(21638,13153,'15:15:00','16:05:00','F'),(21639,13154,'15:15:00','16:00:00','F'),(21640,13155,'16:15:00','17:30:00','T'),(21641,13155,'16:15:00','17:30:00','J'),(21642,13156,'13:15:00','14:00:00','T'),(21643,13157,'13:15:00','14:00:00','J'),(21644,13158,'13:15:00','14:00:00','J'),(21645,13159,'10:15:00','11:30:00','W'),(21646,13159,'10:15:00','11:30:00','F'),(21647,13160,'13:15:00','14:30:00','M'),(21648,13160,'13:15:00','14:30:00','W'),(21649,13161,'11:45:00','13:00:00','T'),(21650,13161,'11:45:00','13:00:00','J'),(21651,13162,'16:15:00','17:30:00','M'),(21652,13162,'16:15:00','17:30:00','W'),(21653,13163,'14:15:00','15:00:00','F'),(21654,13164,'14:15:00','15:00:00','F'),(21655,13165,'14:15:00','15:00:00','F'),(21656,13166,'11:45:00','13:00:00','W'),(21657,13166,'11:45:00','13:00:00','F'),(21658,13167,'11:45:00','12:03:00','M'),(21659,13168,'11:45:00','12:03:00','M'),(21660,13169,'16:15:00','17:30:00','M'),(21661,13169,'16:15:00','17:30:00','W'),(21662,13170,'14:45:00','17:30:00','J'),(21663,13171,'09:30:00','12:20:00','W'),(21664,13172,'09:30:00','12:20:00','M'),(21665,13173,'09:30:00','12:20:00','F'),(21666,13174,'09:30:00','12:20:00','T'),(21667,13175,'08:45:00','10:00:00','T'),(21668,13175,'08:45:00','10:00:00','J'),(21669,13176,'13:15:00','14:30:00','T'),(21670,13176,'13:15:00','14:30:00','J'),(21671,13177,'14:45:00','16:00:00','T'),(21672,13177,'14:45:00','16:00:00','J'),(21673,13178,'17:45:00','20:15:00','W'),(21674,13179,'17:45:00','20:15:00','T'),(21675,13180,'14:45:00','16:00:00','T'),(21676,13180,'14:45:00','16:00:00','J'),(21677,13181,'17:45:00','20:15:00','M'),(21678,13182,'17:45:00','20:15:00','T'),(21679,13183,'14:45:00','16:00:00','T'),(21680,13183,'14:45:00','16:00:00','J'),(21681,13184,'16:15:00','17:30:00','T'),(21682,13185,'16:15:00','17:30:00','J'),(21683,13186,'14:45:00','16:00:00','T'),(21684,13186,'14:45:00','16:00:00','J'),(21685,13187,'14:45:00','16:00:00','T'),(21686,13187,'14:45:00','16:00:00','J'),(21687,13188,'14:45:00','16:00:00','T'),(21688,13188,'14:45:00','16:00:00','J'),(21689,13189,'16:15:00','17:30:00','M'),(21690,13189,'16:15:00','17:30:00','W'),(21691,13190,'11:45:00','13:00:00','T'),(21692,13190,'11:45:00','13:00:00','J'),(21693,13191,'08:45:00','10:00:00','W'),(21694,13191,'08:45:00','10:00:00','F'),(21695,13192,'10:15:00','11:30:00','W'),(21696,13192,'10:15:00','11:30:00','F'),(21697,13193,'08:45:00','10:00:00','T'),(21698,13193,'08:45:00','10:00:00','J'),(21699,13194,'08:45:00','10:00:00','T'),(21700,13194,'08:45:00','10:00:00','J'),(21701,13195,'10:15:00','11:30:00','W'),(21702,13195,'10:15:00','11:30:00','F'),(21703,13196,'11:45:00','13:00:00','T'),(21704,13196,'11:45:00','13:00:00','J'),(21705,13197,'11:45:00','13:00:00','T'),(21706,13197,'11:45:00','13:00:00','J'),(21707,13198,'11:45:00','13:00:00','T'),(21708,13198,'11:45:00','13:00:00','J'),(21709,13199,'10:15:00','11:30:00','W'),(21710,13199,'10:15:00','11:30:00','F'),(21711,13200,'11:45:00','13:00:00','T'),(21712,13200,'11:45:00','13:00:00','J'),(21713,13201,'11:45:00','13:00:00','T'),(21714,13201,'11:45:00','13:00:00','J'),(21715,13202,'17:45:00','20:15:00','W'),(21716,13203,'20:30:00','21:20:00','W'),(21717,13204,'20:30:00','21:20:00','W'),(21718,13205,'13:15:00','14:30:00','T'),(21719,13205,'13:15:00','14:30:00','J'),(21720,13206,'16:15:00','17:05:00','F'),(21721,13207,'16:15:00','17:05:00','F'),(21722,13208,'16:15:00','17:05:00','F'),(21723,13209,'08:45:00','10:00:00','W'),(21724,13209,'08:45:00','10:00:00','F'),(21725,13210,'15:15:00','16:05:00','F'),(21726,13211,'15:15:00','16:00:00','F'),(21727,13212,'13:15:00','14:30:00','T'),(21728,13212,'13:15:00','14:30:00','J'),(21729,13213,'16:15:00','17:05:00','F'),(21730,13214,'13:15:00','14:00:00','F'),(21731,13215,'13:15:00','14:00:00','F'),(21732,13216,'13:15:00','14:30:00','T'),(21733,13216,'13:15:00','14:30:00','J'),(21734,13217,'08:45:00','10:00:00','W'),(21735,13217,'08:45:00','10:00:00','F'),(21736,13218,'10:15:00','11:30:00','T'),(21737,13218,'10:15:00','11:30:00','J'),(21738,13219,'17:45:00','20:15:00','F'),(21739,13220,'11:45:00','13:00:00','T'),(21740,13220,'11:45:00','13:00:00','J'),(21741,13221,'11:45:00','13:00:00','T'),(21742,13221,'11:45:00','13:00:00','J'),(21743,13222,'14:45:00','16:00:00','T'),(21744,13222,'14:45:00','16:00:00','J'),(21745,13223,'10:15:00','11:30:00','W'),(21746,13223,'10:15:00','11:30:00','F'),(21747,13224,'17:45:00','20:15:00','J'),(21748,13225,'13:15:00','14:30:00','T'),(21749,13225,'13:15:00','14:30:00','J'),(21750,13226,'08:45:00','10:00:00','W'),(21751,13226,'08:45:00','10:00:00','F'),(21752,13227,'10:15:00','11:30:00','M'),(21753,13227,'10:15:00','11:30:00','W'),(21754,13228,'08:45:00','10:00:00','W'),(21755,13228,'08:45:00','10:00:00','F'),(21756,13229,'14:45:00','16:00:00','T'),(21757,13229,'14:45:00','16:00:00','J'),(21758,13230,'08:45:00','10:00:00','T'),(21759,13230,'08:45:00','10:00:00','J'),(21760,13231,'16:15:00','17:00:00','T'),(21761,13232,'10:15:00','13:00:00','M'),(21762,13233,'11:30:00','13:10:00','M'),(21763,13234,'11:30:00','13:10:00','M'),(21764,13235,'13:15:00','14:30:00','M'),(21765,13235,'13:15:00','14:30:00','W'),(21766,13236,'13:15:00','14:30:00','M'),(21767,13236,'13:15:00','14:30:00','W'),(21768,13237,'11:45:00','13:00:00','W'),(21769,13237,'11:45:00','13:00:00','F'),(21770,13238,'11:45:00','13:00:00','W'),(21771,13238,'11:45:00','13:00:00','F'),(21772,13239,'10:15:00','11:30:00','W'),(21773,13239,'10:15:00','11:30:00','F'),(21774,13240,'11:45:00','12:35:00','W'),(21775,13241,'16:45:00','17:35:00','T'),(21776,13242,'17:45:00','20:15:00','F'),(21777,13243,'10:15:00','11:05:00','T'),(21778,13244,'13:15:00','14:30:00','T'),(21779,13244,'13:15:00','14:30:00','J'),(21780,13245,'08:45:00','10:00:00','W'),(21781,13245,'08:45:00','10:00:00','F'),(21782,13246,'11:45:00','13:00:00','T'),(21783,13246,'11:45:00','13:00:00','J'),(21784,13247,'13:15:00','14:55:00','T'),(21785,13248,'17:45:00','20:15:00','F'),(21786,13249,'16:15:00','17:05:00','F'),(21787,13250,'17:45:00','20:15:00','W'),(21788,13251,'08:45:00','10:00:00','T'),(21789,13251,'08:45:00','10:00:00','J'),(21790,13252,'08:30:00','09:30:00','M'),(21791,13253,'17:45:00','20:15:00','M'),(21792,13254,'08:45:00','10:00:00','W'),(21793,13254,'08:45:00','10:00:00','F'),(21794,13255,'16:15:00','17:30:00','T'),(21795,13255,'16:15:00','17:30:00','J'),(21796,13256,'14:45:00','16:00:00','T'),(21797,13256,'14:45:00','16:00:00','J'),(21798,13257,'14:45:00','16:00:00','M'),(21799,13257,'14:45:00','16:00:00','W'),(21800,13258,'13:45:00','14:35:00','W'),(21801,13259,'13:45:00','14:35:00','W'),(21802,13260,'12:15:00','13:00:00','W'),(21803,13261,'11:45:00','13:00:00','T'),(21804,13261,'11:45:00','13:00:00','J'),(21805,13262,'08:45:00','10:02:00','T'),(21806,13263,'08:45:00','10:25:00','T'),(21807,13264,'08:45:00','10:25:00','J'),(21808,13265,'08:45:00','10:25:00','J'),(21809,13266,'14:45:00','16:00:00','T'),(21810,13266,'14:45:00','16:00:00','J'),(21811,13267,'17:40:00','18:03:00','T'),(21812,13268,'17:40:00','18:03:00','J'),(21813,13269,'08:45:00','09:35:00','F'),(21814,13270,'14:45:00','16:00:00','M'),(21815,13270,'14:45:00','16:00:00','W'),(21816,13271,'08:45:00','11:30:00','T'),(21817,13272,'12:15:00','13:05:00','M'),(21818,13273,'12:15:00','13:05:00','M'),(21819,13274,'16:15:00','17:30:00','M'),(21820,13274,'16:15:00','17:30:00','W'),(21821,13275,'13:15:00','14:30:00','W'),(21822,13275,'13:15:00','14:30:00','F'),(21823,13276,'16:15:00','17:30:00','T'),(21824,13276,'16:15:00','17:30:00','J'),(21825,13278,'11:45:00','13:00:00','T'),(21826,13278,'11:45:00','13:00:00','J'),(21827,13279,'17:45:00','20:15:00','W'),(21828,13280,'17:45:00','20:15:00','T'),(21829,13281,'17:45:00','20:15:00','W'),(21830,13282,'10:15:00','11:30:00','T'),(21831,13282,'10:15:00','11:30:00','J'),(21832,13283,'13:15:00','14:30:00','M'),(21833,13283,'13:15:00','14:30:00','W'),(21834,13284,'08:45:00','10:00:00','W'),(21835,13284,'08:45:00','10:00:00','F'),(21836,13285,'17:45:00','20:15:00','J'),(21837,13286,'08:45:00','10:00:00','M'),(21838,13286,'08:45:00','10:00:00','W'),(21839,13287,'17:45:00','20:15:00','J'),(21840,13288,'11:45:00','13:00:00','T'),(21841,13288,'11:45:00','13:00:00','J'),(21842,13289,'17:45:00','20:15:00','W'),(21843,13290,'20:30:00','21:20:00','W'),(21844,13291,'20:30:00','21:20:00','W'),(21845,13292,'14:45:00','16:00:00','M'),(21846,13292,'14:45:00','16:00:00','W'),(21847,13293,'13:15:00','14:30:00','M'),(21848,13293,'13:15:00','14:30:00','W'),(21849,13294,'13:15:00','14:30:00','M'),(21850,13294,'13:15:00','14:30:00','W'),(21851,13295,'16:15:00','17:00:00','W'),(21852,13296,'16:15:00','17:05:00','W'),(21853,13297,'17:45:00','20:15:00','J'),(21854,13298,'20:30:00','21:20:00','J'),(21855,13299,'20:30:00','21:20:00','J'),(21856,13300,'17:45:00','20:15:00','M'),(21857,13301,'13:15:00','14:30:00','M'),(21858,13301,'13:15:00','14:30:00','W'),(21859,13302,'14:45:00','17:30:00','J'),(21860,13303,'11:45:00','13:00:00','T'),(21861,13303,'11:45:00','13:00:00','J'),(21862,13304,'13:15:00','14:05:00','T'),(21863,13305,'13:15:00','14:05:00','J'),(21864,13306,'17:45:00','20:15:00','M'),(21865,13307,'17:45:00','20:15:00','M'),(21866,13308,'17:45:00','20:15:00','W'),(21867,13309,'17:45:00','20:15:00','M'),(21868,13310,'14:45:00','16:00:00','T'),(21869,13310,'14:45:00','16:00:00','J'),(21870,13311,'17:45:00','20:15:00','M'),(21871,13312,'13:15:00','14:30:00','T'),(21872,13312,'13:15:00','14:30:00','J'),(21873,13313,'08:45:00','10:00:00','W'),(21874,13313,'08:45:00','10:00:00','F'),(21875,13314,'10:15:00','11:30:00','T'),(21876,13314,'10:15:00','11:30:00','J'),(21877,13315,'11:45:00','13:25:00','J'),(21878,13316,'11:45:00','13:25:00','T'),(21879,13317,'11:45:00','13:25:00','J'),(21880,13318,'17:45:00','20:15:00','T'),(21881,13319,'09:45:00','11:25:00','W'),(21882,13320,'10:15:00','11:55:00','W'),(21883,13321,'10:15:00','11:55:00','W'),(21884,13322,'11:45:00','13:00:00','W'),(21885,13322,'11:45:00','13:00:00','F'),(21886,13323,'14:15:00','15:55:00','F'),(21887,13324,'14:15:00','15:55:00','F'),(21888,13325,'14:15:00','15:55:00','F'),(21889,13326,'10:15:00','11:30:00','W'),(21890,13326,'10:15:00','11:30:00','F'),(21891,13327,'15:15:00','16:05:00','F'),(21892,13328,'15:15:00','16:00:00','F'),(21893,13329,'16:15:00','17:30:00','T'),(21894,13329,'16:15:00','17:30:00','J'),(21895,13330,'13:15:00','14:00:00','T'),(21896,13331,'13:15:00','14:00:00','J'),(21897,13332,'13:15:00','14:00:00','J'),(21898,13333,'10:15:00','11:30:00','W'),(21899,13333,'10:15:00','11:30:00','F'),(21900,13334,'13:15:00','14:30:00','M'),(21901,13334,'13:15:00','14:30:00','W'),(21902,13335,'11:45:00','13:00:00','T'),(21903,13335,'11:45:00','13:00:00','J'),(21904,13336,'16:15:00','17:30:00','M'),(21905,13336,'16:15:00','17:30:00','W'),(21906,13337,'14:15:00','15:00:00','F'),(21907,13338,'14:15:00','15:00:00','F'),(21908,13339,'14:15:00','15:00:00','F'),(21909,13340,'11:45:00','13:00:00','W'),(21910,13340,'11:45:00','13:00:00','F'),(21911,13341,'11:45:00','12:03:00','M'),(21912,13342,'11:45:00','12:03:00','M'),(21913,13343,'16:15:00','17:30:00','M'),(21914,13343,'16:15:00','17:30:00','W'),(21915,13344,'14:45:00','17:30:00','J'),(21916,13345,'09:30:00','12:20:00','W'),(21917,13346,'09:30:00','12:20:00','M'),(21918,13347,'09:30:00','12:20:00','F'),(21919,13348,'09:30:00','12:20:00','T'),(21920,13349,'08:45:00','10:00:00','T'),(21921,13349,'08:45:00','10:00:00','J'),(21922,13350,'13:15:00','14:30:00','T'),(21923,13350,'13:15:00','14:30:00','J'),(21924,13351,'14:45:00','16:00:00','T'),(21925,13351,'14:45:00','16:00:00','J'),(21926,13352,'17:45:00','20:15:00','W'),(21927,13353,'17:45:00','20:15:00','T'),(21928,13354,'14:45:00','16:00:00','T'),(21929,13354,'14:45:00','16:00:00','J'),(21930,13355,'17:45:00','20:15:00','M'),(21931,13356,'17:45:00','20:15:00','T'),(21932,13357,'14:45:00','16:00:00','T'),(21933,13357,'14:45:00','16:00:00','J'),(21934,13358,'16:15:00','17:30:00','T'),(21935,13359,'16:15:00','17:30:00','J'),(21936,13360,'14:45:00','16:00:00','T'),(21937,13360,'14:45:00','16:00:00','J'),(21938,13361,'14:45:00','16:00:00','T'),(21939,13361,'14:45:00','16:00:00','J'),(21940,13362,'14:45:00','16:00:00','T'),(21941,13362,'14:45:00','16:00:00','J'),(21942,13363,'16:15:00','17:30:00','M'),(21943,13363,'16:15:00','17:30:00','W'),(21944,13364,'11:45:00','13:00:00','T'),(21945,13364,'11:45:00','13:00:00','J'),(21946,13365,'08:45:00','10:00:00','W'),(21947,13365,'08:45:00','10:00:00','F'),(21948,13366,'10:15:00','11:30:00','W'),(21949,13366,'10:15:00','11:30:00','F'),(21950,13367,'08:45:00','10:00:00','T'),(21951,13367,'08:45:00','10:00:00','J'),(21952,13368,'08:45:00','10:00:00','T'),(21953,13368,'08:45:00','10:00:00','J'),(21954,13369,'10:15:00','11:30:00','W'),(21955,13369,'10:15:00','11:30:00','F'),(21956,13370,'11:45:00','13:00:00','T'),(21957,13370,'11:45:00','13:00:00','J'),(21958,13371,'11:45:00','13:00:00','T'),(21959,13371,'11:45:00','13:00:00','J'),(21960,13372,'11:45:00','13:00:00','T'),(21961,13372,'11:45:00','13:00:00','J'),(21962,13373,'10:15:00','11:30:00','W'),(21963,13373,'10:15:00','11:30:00','F'),(21964,13374,'11:45:00','13:00:00','T'),(21965,13374,'11:45:00','13:00:00','J'),(21966,13375,'11:45:00','13:00:00','T'),(21967,13375,'11:45:00','13:00:00','J'),(21968,13376,'17:45:00','20:15:00','W'),(21969,13377,'20:30:00','21:20:00','W'),(21970,13378,'20:30:00','21:20:00','W'),(21971,13379,'13:15:00','14:30:00','T'),(21972,13379,'13:15:00','14:30:00','J'),(21973,13380,'16:15:00','17:05:00','F'),(21974,13381,'16:15:00','17:05:00','F'),(21975,13382,'16:15:00','17:05:00','F'),(21976,13383,'08:45:00','10:00:00','W'),(21977,13383,'08:45:00','10:00:00','F'),(21978,13384,'15:15:00','16:05:00','F'),(21979,13385,'15:15:00','16:00:00','F'),(21980,13386,'13:15:00','14:30:00','T'),(21981,13386,'13:15:00','14:30:00','J'),(21982,13387,'16:15:00','17:05:00','F'),(21983,13388,'13:15:00','14:00:00','F'),(21984,13389,'13:15:00','14:00:00','F'),(21985,13390,'13:15:00','14:30:00','T'),(21986,13390,'13:15:00','14:30:00','J'),(21987,13391,'08:45:00','10:00:00','W'),(21988,13391,'08:45:00','10:00:00','F'),(21989,13392,'10:15:00','11:30:00','T'),(21990,13392,'10:15:00','11:30:00','J'),(21991,13393,'17:45:00','20:15:00','F'),(21992,13394,'11:45:00','13:00:00','T'),(21993,13394,'11:45:00','13:00:00','J'),(21994,13395,'11:45:00','13:00:00','T'),(21995,13395,'11:45:00','13:00:00','J'),(21996,13396,'14:45:00','16:00:00','T'),(21997,13396,'14:45:00','16:00:00','J'),(21998,13397,'10:15:00','11:30:00','W'),(21999,13397,'10:15:00','11:30:00','F'),(22000,13398,'17:45:00','20:15:00','J'),(22001,13399,'13:15:00','14:30:00','T'),(22002,13399,'13:15:00','14:30:00','J'),(22003,13400,'08:45:00','10:00:00','W'),(22004,13400,'08:45:00','10:00:00','F'),(22005,13401,'10:15:00','11:30:00','M'),(22006,13401,'10:15:00','11:30:00','W'),(22007,13402,'08:45:00','10:00:00','W'),(22008,13402,'08:45:00','10:00:00','F'),(22009,13403,'14:45:00','16:00:00','T'),(22010,13403,'14:45:00','16:00:00','J'),(22011,13404,'08:45:00','10:00:00','T'),(22012,13404,'08:45:00','10:00:00','J'),(22013,13405,'16:15:00','17:00:00','T'),(22014,13406,'08:45:00','11:30:00','M'),(22015,13407,'14:15:00','16:05:00','M'),(22016,13408,'14:15:00','16:05:00','M'),(22017,13409,'17:45:00','20:15:00','F'),(22018,13410,'11:45:00','12:35:00','W'),(22019,13411,'10:15:00','11:30:00','W'),(22020,13411,'10:15:00','11:30:00','F'),(22021,13412,'16:15:00','17:30:00','W'),(22022,13412,'16:15:00','17:30:00','F'),(22023,13413,'13:15:00','14:30:00','T'),(22024,13413,'13:15:00','14:30:00','J'),(22025,13414,'10:15:00','11:30:00','W'),(22026,13414,'10:15:00','11:30:00','F'),(22027,13415,'14:15:00','15:05:00','F'),(22028,13416,'14:15:00','15:05:00','F'),(22029,13417,'10:15:00','11:30:00','W'),(22030,13417,'10:15:00','11:30:00','F'),(22031,13418,'08:45:00','09:35:00','F'),(22032,13419,'08:45:00','09:35:00','F'),(22033,13420,'17:45:00','20:15:00','W'),(22034,13421,'08:45:00','09:35:00','F'),(22035,13422,'08:45:00','09:35:00','M'),(22036,13423,'13:15:00','15:45:00','W'),(22037,13424,'13:15:00','14:05:00','F'),(22038,13425,'13:15:00','14:05:00','M'),(22039,13426,'08:45:00','11:30:00','M'),(22040,13427,'13:15:00','14:30:00','T'),(22041,13427,'13:15:00','14:30:00','J'),(22042,13428,'14:45:00','15:35:00','M'),(22043,13429,'16:15:00','17:05:00','M'),(22044,13430,'13:15:00','14:30:00','T'),(22045,13430,'13:15:00','14:30:00','J'),(22046,13431,'16:15:00','17:05:00','M'),(22047,13432,'16:15:00','17:05:00','M'),(22048,13433,'13:15:00','14:30:00','T'),(22049,13433,'13:15:00','14:30:00','J'),(22050,13434,'13:15:00','14:05:00','F'),(22051,13435,'14:45:00','17:30:00','F'),(22052,13436,'13:15:00','14:05:00','F'),(22053,13437,'11:45:00','13:00:00','W'),(22054,13437,'11:45:00','13:00:00','F'),(22055,13438,'13:15:00','14:05:00','F'),(22056,13439,'13:15:00','14:05:00','F'),(22057,13440,'14:45:00','15:03:00','W'),(22058,13441,'14:45:00','16:00:00','T'),(22059,13441,'14:45:00','16:00:00','J'),(22060,13442,'09:00:00','09:50:00','M'),(22061,13443,'09:00:00','09:50:00','M'),(22062,13444,'13:15:00','14:30:00','T'),(22063,13444,'13:15:00','14:30:00','J'),(22064,13445,'14:45:00','15:35:00','W'),(22065,13446,'14:45:00','15:35:00','W'),(22066,13447,'16:15:00','17:30:00','M'),(22067,13447,'16:15:00','17:30:00','W'),(22068,13448,'15:15:00','16:05:00','M'),(22069,13449,'15:15:00','16:05:00','M'),(22070,13450,'08:45:00','11:30:00','T'),(22071,13451,'17:45:00','20:15:00','M'),(22072,13452,'11:45:00','14:30:00','W'),(22073,13453,'10:15:00','11:30:00','W'),(22074,13453,'10:15:00','11:30:00','F'),(22075,13454,'14:45:00','16:00:00','T'),(22076,13454,'14:45:00','16:00:00','J'),(22077,13455,'13:15:00','14:30:00','M'),(22078,13455,'13:15:00','14:30:00','W'),(22079,13456,'13:15:00','14:30:00','T'),(22080,13456,'13:15:00','14:30:00','J'),(22081,13457,'17:45:00','20:15:00','J'),(22082,13458,'17:45:00','20:15:00','J'),(22083,13459,'17:45:00','20:15:00','M'),(22084,13460,'14:45:00','16:00:00','W'),(22085,13460,'14:45:00','16:00:00','F'),(22086,13461,'16:15:00','17:00:00','T'),(22087,13462,'16:15:00','17:00:00','T'),(22088,13463,'16:15:00','17:00:00','T'),(22089,13464,'16:15:00','17:00:00','T'),(22090,13465,'10:15:00','13:00:00','M'),(22091,13466,'11:30:00','13:10:00','M'),(22092,13467,'11:30:00','13:10:00','M'),(22093,13468,'13:15:00','14:30:00','M'),(22094,13468,'13:15:00','14:30:00','W'),(22095,13469,'13:15:00','14:30:00','M'),(22096,13469,'13:15:00','14:30:00','W'),(22097,13470,'11:45:00','13:00:00','W'),(22098,13470,'11:45:00','13:00:00','F'),(22099,13471,'11:45:00','13:00:00','W'),(22100,13471,'11:45:00','13:00:00','F'),(22101,13472,'10:15:00','11:30:00','W'),(22102,13472,'10:15:00','11:30:00','F'),(22103,13473,'11:45:00','12:35:00','W'),(22104,13474,'16:45:00','17:35:00','T'),(22105,13475,'17:45:00','20:15:00','F'),(22106,13476,'10:15:00','11:05:00','T'),(22107,13477,'13:15:00','14:30:00','T'),(22108,13477,'13:15:00','14:30:00','J'),(22109,13478,'08:45:00','10:00:00','W'),(22110,13478,'08:45:00','10:00:00','F'),(22111,13479,'11:45:00','13:00:00','T'),(22112,13479,'11:45:00','13:00:00','J'),(22113,13480,'13:15:00','14:55:00','T'),(22114,13481,'17:45:00','20:15:00','F'),(22115,13482,'16:15:00','17:05:00','F'),(22116,13483,'17:45:00','20:15:00','W'),(22117,13484,'08:45:00','10:00:00','T'),(22118,13484,'08:45:00','10:00:00','J'),(22119,13485,'08:30:00','09:30:00','M'),(22120,13486,'17:45:00','20:15:00','M'),(22121,13487,'08:45:00','10:00:00','W'),(22122,13487,'08:45:00','10:00:00','F'),(22123,13488,'16:15:00','17:30:00','T'),(22124,13488,'16:15:00','17:30:00','J'),(22125,13489,'14:45:00','16:00:00','T'),(22126,13489,'14:45:00','16:00:00','J'),(22127,13490,'14:45:00','16:00:00','M'),(22128,13490,'14:45:00','16:00:00','W'),(22129,13491,'13:45:00','14:35:00','W'),(22130,13492,'13:45:00','14:35:00','W'),(22131,13493,'12:15:00','13:00:00','W'),(22132,13494,'11:45:00','13:00:00','T'),(22133,13494,'11:45:00','13:00:00','J'),(22134,13495,'08:45:00','10:02:00','T'),(22135,13496,'08:45:00','10:25:00','T'),(22136,13497,'08:45:00','10:25:00','J'),(22137,13498,'08:45:00','10:25:00','J'),(22138,13499,'14:45:00','16:00:00','T'),(22139,13499,'14:45:00','16:00:00','J'),(22140,13500,'17:40:00','18:03:00','T'),(22141,13501,'17:40:00','18:03:00','J'),(22142,13502,'08:45:00','09:35:00','F'),(22143,13503,'14:45:00','16:00:00','M'),(22144,13503,'14:45:00','16:00:00','W'),(22145,13504,'08:45:00','11:30:00','T'),(22146,13505,'12:15:00','13:05:00','M'),(22147,13506,'12:15:00','13:05:00','M'),(22148,13507,'16:15:00','17:30:00','M'),(22149,13507,'16:15:00','17:30:00','W'),(22150,13508,'13:15:00','14:30:00','W'),(22151,13508,'13:15:00','14:30:00','F'),(22152,13509,'16:15:00','17:30:00','T'),(22153,13509,'16:15:00','17:30:00','J'),(22154,13511,'11:45:00','13:00:00','T'),(22155,13511,'11:45:00','13:00:00','J'),(22156,13512,'17:45:00','20:15:00','W'),(22157,13513,'17:45:00','20:15:00','T'),(22158,13514,'17:45:00','20:15:00','W'),(22159,13515,'10:15:00','11:30:00','T'),(22160,13515,'10:15:00','11:30:00','J'),(22161,13516,'13:15:00','14:30:00','M'),(22162,13516,'13:15:00','14:30:00','W'),(22163,13517,'08:45:00','10:00:00','W'),(22164,13517,'08:45:00','10:00:00','F'),(22165,13518,'17:45:00','20:15:00','J'),(22166,13519,'08:45:00','10:00:00','M'),(22167,13519,'08:45:00','10:00:00','W'),(22168,13520,'17:45:00','20:15:00','J'),(22169,13521,'11:45:00','13:00:00','T'),(22170,13521,'11:45:00','13:00:00','J'),(22171,13522,'17:45:00','20:15:00','W'),(22172,13523,'20:30:00','21:20:00','W'),(22173,13524,'20:30:00','21:20:00','W'),(22174,13525,'14:45:00','16:00:00','M'),(22175,13525,'14:45:00','16:00:00','W'),(22176,13526,'13:15:00','14:30:00','M'),(22177,13526,'13:15:00','14:30:00','W'),(22178,13527,'13:15:00','14:30:00','M'),(22179,13527,'13:15:00','14:30:00','W'),(22180,13528,'16:15:00','17:00:00','W'),(22181,13529,'16:15:00','17:05:00','W'),(22182,13530,'17:45:00','20:15:00','J'),(22183,13531,'20:30:00','21:20:00','J'),(22184,13532,'20:30:00','21:20:00','J'),(22185,13533,'17:45:00','20:15:00','M'),(22186,13534,'13:15:00','14:30:00','M'),(22187,13534,'13:15:00','14:30:00','W'),(22188,13535,'14:45:00','17:30:00','J'),(22189,13536,'11:45:00','13:00:00','T'),(22190,13536,'11:45:00','13:00:00','J'),(22191,13537,'13:15:00','14:05:00','T'),(22192,13538,'13:15:00','14:05:00','J'),(22193,13539,'17:45:00','20:15:00','M'),(22194,13540,'17:45:00','20:15:00','M'),(22195,13541,'17:45:00','20:15:00','W'),(22196,13542,'17:45:00','20:15:00','M'),(22197,13543,'14:45:00','16:00:00','T'),(22198,13543,'14:45:00','16:00:00','J'),(22199,13544,'17:45:00','20:15:00','M'),(22200,13545,'13:15:00','14:30:00','T'),(22201,13545,'13:15:00','14:30:00','J'),(22202,13546,'08:45:00','10:00:00','W'),(22203,13546,'08:45:00','10:00:00','F'),(22204,13547,'10:15:00','11:30:00','T'),(22205,13547,'10:15:00','11:30:00','J'),(22206,13548,'11:45:00','13:25:00','J'),(22207,13549,'11:45:00','13:25:00','T'),(22208,13550,'11:45:00','13:25:00','J'),(22209,13551,'17:45:00','20:15:00','T'),(22210,13552,'09:45:00','11:25:00','W'),(22211,13553,'10:15:00','11:55:00','W'),(22212,13554,'10:15:00','11:55:00','W'),(22213,13555,'11:45:00','13:00:00','W'),(22214,13555,'11:45:00','13:00:00','F'),(22215,13556,'14:15:00','15:55:00','F'),(22216,13557,'14:15:00','15:55:00','F'),(22217,13558,'14:15:00','15:55:00','F'),(22218,13559,'10:15:00','11:30:00','W'),(22219,13559,'10:15:00','11:30:00','F'),(22220,13560,'15:15:00','16:05:00','F'),(22221,13561,'15:15:00','16:00:00','F'),(22222,13562,'16:15:00','17:30:00','T'),(22223,13562,'16:15:00','17:30:00','J'),(22224,13563,'13:15:00','14:00:00','T'),(22225,13564,'13:15:00','14:00:00','J'),(22226,13565,'13:15:00','14:00:00','J'),(22227,13566,'10:15:00','11:30:00','W'),(22228,13566,'10:15:00','11:30:00','F'),(22229,13567,'13:15:00','14:30:00','M'),(22230,13567,'13:15:00','14:30:00','W'),(22231,13568,'11:45:00','13:00:00','T'),(22232,13568,'11:45:00','13:00:00','J'),(22233,13569,'16:15:00','17:30:00','M'),(22234,13569,'16:15:00','17:30:00','W'),(22235,13570,'14:15:00','15:00:00','F'),(22236,13571,'14:15:00','15:00:00','F'),(22237,13572,'14:15:00','15:00:00','F'),(22238,13573,'11:45:00','13:00:00','W'),(22239,13573,'11:45:00','13:00:00','F'),(22240,13574,'11:45:00','12:03:00','M'),(22241,13575,'11:45:00','12:03:00','M'),(22242,13576,'16:15:00','17:30:00','M'),(22243,13576,'16:15:00','17:30:00','W'),(22244,13577,'14:45:00','17:30:00','J'),(22245,13578,'09:30:00','12:20:00','W'),(22246,13579,'09:30:00','12:20:00','M'),(22247,13580,'09:30:00','12:20:00','F'),(22248,13581,'09:30:00','12:20:00','T'),(22249,13582,'08:45:00','10:00:00','T'),(22250,13582,'08:45:00','10:00:00','J'),(22251,13583,'13:15:00','14:30:00','T'),(22252,13583,'13:15:00','14:30:00','J'),(22253,13584,'14:45:00','16:00:00','T'),(22254,13584,'14:45:00','16:00:00','J'),(22255,13585,'17:45:00','20:15:00','W'),(22256,13586,'17:45:00','20:15:00','T'),(22257,13587,'14:45:00','16:00:00','T'),(22258,13587,'14:45:00','16:00:00','J'),(22259,13588,'17:45:00','20:15:00','M'),(22260,13589,'17:45:00','20:15:00','T'),(22261,13590,'14:45:00','16:00:00','T'),(22262,13590,'14:45:00','16:00:00','J'),(22263,13591,'16:15:00','17:30:00','T'),(22264,13592,'16:15:00','17:30:00','J'),(22265,13593,'14:45:00','16:00:00','T'),(22266,13593,'14:45:00','16:00:00','J'),(22267,13594,'14:45:00','16:00:00','T'),(22268,13594,'14:45:00','16:00:00','J'),(22269,13595,'14:45:00','16:00:00','T'),(22270,13595,'14:45:00','16:00:00','J'),(22271,13596,'16:15:00','17:30:00','M'),(22272,13596,'16:15:00','17:30:00','W'),(22273,13597,'11:45:00','13:00:00','T'),(22274,13597,'11:45:00','13:00:00','J'),(22275,13598,'08:45:00','10:00:00','W'),(22276,13598,'08:45:00','10:00:00','F'),(22277,13599,'10:15:00','11:30:00','W'),(22278,13599,'10:15:00','11:30:00','F'),(22279,13600,'08:45:00','10:00:00','T'),(22280,13600,'08:45:00','10:00:00','J'),(22281,13601,'08:45:00','10:00:00','T'),(22282,13601,'08:45:00','10:00:00','J'),(22283,13602,'10:15:00','11:30:00','W'),(22284,13602,'10:15:00','11:30:00','F'),(22285,13603,'11:45:00','13:00:00','T'),(22286,13603,'11:45:00','13:00:00','J'),(22287,13604,'11:45:00','13:00:00','T'),(22288,13604,'11:45:00','13:00:00','J'),(22289,13605,'11:45:00','13:00:00','T'),(22290,13605,'11:45:00','13:00:00','J'),(22291,13606,'10:15:00','11:30:00','W'),(22292,13606,'10:15:00','11:30:00','F'),(22293,13607,'11:45:00','13:00:00','T'),(22294,13607,'11:45:00','13:00:00','J'),(22295,13608,'11:45:00','13:00:00','T'),(22296,13608,'11:45:00','13:00:00','J'),(22297,13609,'17:45:00','20:15:00','W'),(22298,13610,'20:30:00','21:20:00','W'),(22299,13611,'20:30:00','21:20:00','W'),(22300,13612,'13:15:00','14:30:00','T'),(22301,13612,'13:15:00','14:30:00','J'),(22302,13613,'16:15:00','17:05:00','F'),(22303,13614,'16:15:00','17:05:00','F'),(22304,13615,'16:15:00','17:05:00','F'),(22305,13616,'08:45:00','10:00:00','W'),(22306,13616,'08:45:00','10:00:00','F'),(22307,13617,'15:15:00','16:05:00','F'),(22308,13618,'15:15:00','16:00:00','F'),(22309,13619,'13:15:00','14:30:00','T'),(22310,13619,'13:15:00','14:30:00','J'),(22311,13620,'16:15:00','17:05:00','F'),(22312,13621,'13:15:00','14:00:00','F'),(22313,13622,'13:15:00','14:00:00','F'),(22314,13623,'13:15:00','14:30:00','T'),(22315,13623,'13:15:00','14:30:00','J'),(22316,13624,'08:45:00','10:00:00','W'),(22317,13624,'08:45:00','10:00:00','F'),(22318,13625,'10:15:00','11:30:00','T'),(22319,13625,'10:15:00','11:30:00','J'),(22320,13626,'17:45:00','20:15:00','F'),(22321,13627,'11:45:00','13:00:00','T'),(22322,13627,'11:45:00','13:00:00','J'),(22323,13628,'11:45:00','13:00:00','T'),(22324,13628,'11:45:00','13:00:00','J'),(22325,13629,'14:45:00','16:00:00','T'),(22326,13629,'14:45:00','16:00:00','J'),(22327,13630,'10:15:00','11:30:00','W'),(22328,13630,'10:15:00','11:30:00','F'),(22329,13631,'17:45:00','20:15:00','J'),(22330,13632,'13:15:00','14:30:00','T'),(22331,13632,'13:15:00','14:30:00','J'),(22332,13633,'08:45:00','10:00:00','W'),(22333,13633,'08:45:00','10:00:00','F'),(22334,13634,'10:15:00','11:30:00','M'),(22335,13634,'10:15:00','11:30:00','W'),(22336,13635,'08:45:00','10:00:00','W'),(22337,13635,'08:45:00','10:00:00','F'),(22338,13636,'14:45:00','16:00:00','T'),(22339,13636,'14:45:00','16:00:00','J'),(22340,13637,'08:45:00','10:00:00','T'),(22341,13637,'08:45:00','10:00:00','J'),(22342,13638,'16:15:00','17:00:00','T'),(22343,13639,'08:45:00','11:30:00','M'),(22344,13640,'14:15:00','16:05:00','M'),(22345,13641,'14:15:00','16:05:00','M'),(22346,13642,'17:45:00','20:15:00','F'),(22347,13643,'11:45:00','12:35:00','W'),(22348,13644,'10:15:00','11:30:00','W'),(22349,13644,'10:15:00','11:30:00','F'),(22350,13645,'16:15:00','17:30:00','W'),(22351,13645,'16:15:00','17:30:00','F'),(22352,13646,'13:15:00','14:30:00','T'),(22353,13646,'13:15:00','14:30:00','J'),(22354,13647,'10:15:00','11:30:00','W'),(22355,13647,'10:15:00','11:30:00','F'),(22356,13648,'14:15:00','15:05:00','F'),(22357,13649,'14:15:00','15:05:00','F'),(22358,13650,'10:15:00','11:30:00','W'),(22359,13650,'10:15:00','11:30:00','F'),(22360,13651,'08:45:00','09:35:00','F'),(22361,13652,'08:45:00','09:35:00','F'),(22362,13653,'17:45:00','20:15:00','W'),(22363,13654,'08:45:00','09:35:00','F'),(22364,13655,'08:45:00','09:35:00','M'),(22365,13656,'13:15:00','15:45:00','W'),(22366,13657,'13:15:00','14:05:00','F'),(22367,13658,'13:15:00','14:05:00','M'),(22368,13659,'08:45:00','11:30:00','M'),(22369,13660,'13:15:00','14:30:00','T'),(22370,13660,'13:15:00','14:30:00','J'),(22371,13661,'14:45:00','15:35:00','M'),(22372,13662,'16:15:00','17:05:00','M'),(22373,13663,'13:15:00','14:30:00','T'),(22374,13663,'13:15:00','14:30:00','J'),(22375,13664,'16:15:00','17:05:00','M'),(22376,13665,'16:15:00','17:05:00','M'),(22377,13666,'13:15:00','14:30:00','T'),(22378,13666,'13:15:00','14:30:00','J'),(22379,13667,'13:15:00','14:05:00','F'),(22380,13668,'14:45:00','17:30:00','F'),(22381,13669,'13:15:00','14:05:00','F'),(22382,13670,'11:45:00','13:00:00','W'),(22383,13670,'11:45:00','13:00:00','F'),(22384,13671,'13:15:00','14:05:00','F'),(22385,13672,'13:15:00','14:05:00','F'),(22386,13673,'14:45:00','15:03:00','W'),(22387,13674,'14:45:00','16:00:00','T'),(22388,13674,'14:45:00','16:00:00','J'),(22389,13675,'09:00:00','09:50:00','M'),(22390,13676,'09:00:00','09:50:00','M'),(22391,13677,'13:15:00','14:30:00','T'),(22392,13677,'13:15:00','14:30:00','J'),(22393,13678,'14:45:00','15:35:00','W'),(22394,13679,'14:45:00','15:35:00','W'),(22395,13680,'16:15:00','17:30:00','M'),(22396,13680,'16:15:00','17:30:00','W'),(22397,13681,'15:15:00','16:05:00','M'),(22398,13682,'15:15:00','16:05:00','M'),(22399,13683,'08:45:00','11:30:00','T'),(22400,13684,'17:45:00','20:15:00','M'),(22401,13685,'11:45:00','14:30:00','W'),(22402,13686,'10:15:00','11:30:00','W'),(22403,13686,'10:15:00','11:30:00','F'),(22404,13687,'14:45:00','16:00:00','T'),(22405,13687,'14:45:00','16:00:00','J'),(22406,13688,'13:15:00','14:30:00','M'),(22407,13688,'13:15:00','14:30:00','W'),(22408,13689,'13:15:00','14:30:00','T'),(22409,13689,'13:15:00','14:30:00','J'),(22410,13690,'17:45:00','20:15:00','J'),(22411,13691,'17:45:00','20:15:00','J'),(22412,13692,'17:45:00','20:15:00','M'),(22413,13693,'14:45:00','16:00:00','W'),(22414,13693,'14:45:00','16:00:00','F'),(22415,13694,'16:15:00','17:00:00','T'),(22416,13695,'16:15:00','17:00:00','T'),(22417,13696,'16:15:00','17:00:00','T'),(22418,13697,'16:15:00','17:00:00','T'),(22419,13698,'14:45:00','16:00:00','M'),(22420,13698,'14:45:00','16:00:00','W'),(22421,13699,'16:15:00','17:05:00','W'),(22422,13700,'16:15:00','17:55:00','W'),(22423,13701,'08:45:00','10:00:00','T'),(22424,13701,'08:45:00','10:00:00','J'),(22425,13702,'14:45:00','16:00:00','T'),(22426,13702,'14:45:00','16:00:00','J'),(22427,13703,'08:45:00','10:00:00','W'),(22428,13703,'08:45:00','10:00:00','F'),(22429,13704,'13:15:00','14:30:00','T'),(22430,13704,'13:15:00','14:30:00','J'),(22431,13705,'14:45:00','16:00:00','M'),(22432,13705,'14:45:00','16:00:00','W'),(22433,13706,'10:15:00','11:30:00','W'),(22434,13706,'10:15:00','11:30:00','F'),(22435,13707,'11:45:00','13:00:00','T'),(22436,13707,'11:45:00','13:00:00','J'),(22437,13708,'16:15:00','17:55:00','M'),(22438,13709,'18:15:00','19:05:00','M'),(22439,13710,'18:15:00','19:05:00','M'),(22440,13711,'17:45:00','20:15:00','W'),(22441,13712,'16:15:00','17:05:00','W'),(22442,13713,'18:25:00','20:15:00','F'),(22443,13714,'13:15:00','14:10:00','F'),(22444,13715,'13:15:00','14:01:00','F');
/*!40000 ALTER TABLE `ClassBlock` ENABLE KEYS */;
UNLOCK TABLES;

--
-- Table structure for table `Requires`
--

DROP TABLE IF EXISTS `Requires`;
/*!40101 SET @saved_cs_client     = @@character_set_client */;
/*!40101 SET character_set_client = utf8 */;
CREATE TABLE `Requires` (
  `RequirementID` int(10) NOT NULL auto_increment,
  `CourseID` int(10) unsigned NOT NULL,
  PRIMARY KEY  (`RequirementID`),
  KEY `RequiresCourse` (`CourseID`),
  KEY `fk_Requires_Requirement1` (`RequirementID`),
  CONSTRAINT `RequiresCourse` FOREIGN KEY (`CourseID`) REFERENCES `Course` (`CourseID`) ON DELETE NO ACTION ON UPDATE NO ACTION
) ENGINE=InnoDB AUTO_INCREMENT=17216 DEFAULT CHARSET=latin1;
/*!40101 SET character_set_client = @saved_cs_client */;

--
-- Dumping data for table `Requires`
--

LOCK TABLES `Requires` WRITE;
/*!40000 ALTER TABLE `Requires` DISABLE KEYS */;
INSERT INTO `Requires` VALUES (15619,7157),(15620,7157),(15628,7157),(15629,7157),(15646,7157),(15647,7157),(15679,7157),(15680,7157),(15733,7157),(15734,7157),(15830,7157),(15831,7157),(15927,7157),(15928,7157),(16024,7157),(16025,7157),(16157,7157),(16158,7157),(16292,7157),(16293,7157),(16451,7157),(16452,7157),(16610,7157),(16611,7157),(16778,7157),(16779,7157),(16985,7157),(16986,7157),(15621,7158),(15630,7158),(15648,7158),(15681,7158),(15735,7158),(15832,7158),(15929,7158),(16026,7158),(16159,7158),(16294,7158),(16453,7158),(16612,7158),(16780,7158),(16987,7158),(15622,7159),(15631,7159),(15649,7159),(15682,7159),(15736,7159),(15833,7159),(15930,7159),(16027,7159),(16160,7159),(16295,7159),(16454,7159),(16613,7159),(16781,7159),(16988,7159),(15623,7160),(15632,7160),(15650,7160),(15683,7160),(15737,7160),(15834,7160),(15931,7160),(16028,7160),(16161,7160),(16296,7160),(16455,7160),(16614,7160),(16782,7160),(16989,7160),(15624,7161),(15633,7161),(15651,7161),(15684,7161),(15738,7161),(15835,7161),(15932,7161),(16029,7161),(16162,7161),(16297,7161),(16456,7161),(16615,7161),(16783,7161),(16990,7161),(15625,7162),(15626,7162),(15627,7162),(15634,7162),(15635,7162),(15636,7162),(15652,7162),(15653,7162),(15654,7162),(15685,7162),(15686,7162),(15687,7162),(15739,7162),(15740,7162),(15741,7162),(15836,7162),(15837,7162),(15838,7162),(15933,7162),(15934,7162),(15935,7162),(16030,7162),(16031,7162),(16032,7162),(16163,7162),(16164,7162),(16165,7162),(16298,7162),(16299,7162),(16300,7162),(16457,7162),(16458,7162),(16459,7162),(16616,7162),(16617,7162),(16618,7162),(16784,7162),(16785,7162),(16786,7162),(16991,7162),(16992,7162),(16993,7162),(15637,7163),(15655,7163),(15688,7163),(15742,7163),(15839,7163),(15936,7163),(16033,7163),(16166,7163),(16301,7163),(16460,7163),(16619,7163),(16787,7163),(16994,7163),(15638,7164),(15656,7164),(15689,7164),(15743,7164),(15840,7164),(15937,7164),(16034,7164),(16167,7164),(16302,7164),(16461,7164),(16620,7164),(16788,7164),(16995,7164),(15639,7165),(15657,7165),(15690,7165),(15744,7165),(15841,7165),(15938,7165),(16035,7165),(16168,7165),(16303,7165),(16462,7165),(16621,7165),(16789,7165),(16996,7165),(15640,7166),(15658,7166),(15691,7166),(15745,7166),(15842,7166),(15939,7166),(16036,7166),(16169,7166),(16304,7166),(16463,7166),(16622,7166),(16790,7166),(16997,7166),(15641,7168),(15642,7168),(15643,7168),(15644,7168),(15659,7168),(15660,7168),(15661,7168),(15662,7168),(15692,7168),(15693,7168),(15694,7168),(15695,7168),(15746,7168),(15747,7168),(15748,7168),(15749,7168),(15843,7168),(15844,7168),(15845,7168),(15846,7168),(15940,7168),(15941,7168),(15942,7168),(15943,7168),(16037,7168),(16038,7168),(16039,7168),(16040,7168),(16170,7168),(16171,7168),(16172,7168),(16173,7168),(16305,7168),(16306,7168),(16307,7168),(16308,7168),(16464,7168),(16465,7168),(16466,7168),(16467,7168),(16623,7168),(16624,7168),(16625,7168),(16626,7168),(16791,7168),(16792,7168),(16793,7168),(16794,7168),(16998,7168),(16999,7168),(17000,7168),(17001,7168),(15645,7169),(15663,7169),(15696,7169),(15750,7169),(15847,7169),(15944,7169),(16041,7169),(16174,7169),(16309,7169),(16468,7169),(16627,7169),(16795,7169),(17002,7169),(15664,7170),(15697,7170),(15751,7170),(15848,7170),(15945,7170),(16042,7170),(16175,7170),(16310,7170),(16469,7170),(16628,7170),(16796,7170),(17003,7170),(15665,7171),(15698,7171),(15752,7171),(15849,7171),(15946,7171),(16043,7171),(16176,7171),(16311,7171),(16470,7171),(16629,7171),(16797,7171),(17004,7171),(15666,7172),(15699,7172),(15753,7172),(15850,7172),(15947,7172),(16044,7172),(16177,7172),(16312,7172),(16471,7172),(16630,7172),(16798,7172),(17005,7172),(15667,7173),(15668,7173),(15700,7173),(15701,7173),(15754,7173),(15755,7173),(15851,7173),(15852,7173),(15948,7173),(15949,7173),(16045,7173),(16046,7173),(16178,7173),(16179,7173),(16313,7173),(16314,7173),(16472,7173),(16473,7173),(16631,7173),(16632,7173),(16799,7173),(16800,7173),(17006,7173),(17007,7173),(15669,7174),(15702,7174),(15756,7174),(15853,7174),(15950,7174),(16047,7174),(16180,7174),(16315,7174),(16474,7174),(16633,7174),(16801,7174),(17008,7174),(15670,7175),(15671,7175),(15703,7175),(15704,7175),(15757,7175),(15758,7175),(15854,7175),(15855,7175),(15951,7175),(15952,7175),(16048,7175),(16049,7175),(16181,7175),(16182,7175),(16316,7175),(16317,7175),(16475,7175),(16476,7175),(16634,7175),(16635,7175),(16802,7175),(16803,7175),(17009,7175),(17010,7175),(15672,7176),(15705,7176),(15759,7176),(15856,7176),(15953,7176),(16050,7176),(16183,7176),(16318,7176),(16477,7176),(16636,7176),(16804,7176),(17011,7176),(15673,7177),(15706,7177),(15760,7177),(15857,7177),(15954,7177),(16051,7177),(16184,7177),(16319,7177),(16478,7177),(16637,7177),(16805,7177),(17012,7177),(15674,7178),(15707,7178),(15761,7178),(15858,7178),(15955,7178),(16052,7178),(16185,7178),(16320,7178),(16479,7178),(16638,7178),(16806,7178),(17013,7178),(15675,7179),(15676,7179),(15677,7179),(15678,7179),(15708,7179),(15709,7179),(15710,7179),(15711,7179),(15762,7179),(15763,7179),(15764,7179),(15765,7179),(15859,7179),(15860,7179),(15861,7179),(15862,7179),(15956,7179),(15957,7179),(15958,7179),(15959,7179),(16053,7179),(16054,7179),(16055,7179),(16056,7179),(16186,7179),(16187,7179),(16188,7179),(16189,7179),(16321,7179),(16322,7179),(16323,7179),(16324,7179),(16480,7179),(16481,7179),(16482,7179),(16483,7179),(16639,7179),(16640,7179),(16641,7179),(16642,7179),(16807,7179),(16808,7179),(16809,7179),(16810,7179),(17014,7179),(17015,7179),(17016,7179),(17017,7179),(15712,7180),(15766,7180),(15863,7180),(15960,7180),(16057,7180),(16190,7180),(16325,7180),(16484,7180),(16643,7180),(16811,7180),(17018,7180),(15713,7181),(15767,7181),(15864,7181),(15961,7181),(16058,7181),(16191,7181),(16326,7181),(16485,7181),(16644,7181),(16812,7181),(17019,7181),(15714,7182),(15768,7182),(15865,7182),(15962,7182),(16059,7182),(16192,7182),(16327,7182),(16486,7182),(16645,7182),(16813,7182),(17020,7182),(15715,7183),(15716,7183),(15769,7183),(15770,7183),(15866,7183),(15867,7183),(15963,7183),(15964,7183),(16060,7183),(16061,7183),(16193,7183),(16194,7183),(16328,7183),(16329,7183),(16487,7183),(16488,7183),(16646,7183),(16647,7183),(16814,7183),(16815,7183),(17021,7183),(17022,7183),(15717,7184),(15771,7184),(15868,7184),(15965,7184),(16062,7184),(16195,7184),(16330,7184),(16489,7184),(16648,7184),(16816,7184),(17023,7184),(15718,7185),(15772,7185),(15869,7185),(15966,7185),(16063,7185),(16196,7185),(16331,7185),(16490,7185),(16649,7185),(16817,7185),(17024,7185),(15719,7186),(15773,7186),(15870,7186),(15967,7186),(16064,7186),(16197,7186),(16332,7186),(16491,7186),(16650,7186),(16818,7186),(17025,7186),(15720,7187),(15721,7187),(15774,7187),(15775,7187),(15871,7187),(15872,7187),(15968,7187),(15969,7187),(16065,7187),(16066,7187),(16198,7187),(16199,7187),(16333,7187),(16334,7187),(16492,7187),(16493,7187),(16651,7187),(16652,7187),(16819,7187),(16820,7187),(17026,7187),(17027,7187),(15722,7188),(15723,7188),(15724,7188),(15776,7188),(15777,7188),(15778,7188),(15873,7188),(15874,7188),(15875,7188),(15970,7188),(15971,7188),(15972,7188),(16067,7188),(16068,7188),(16069,7188),(16200,7188),(16201,7188),(16202,7188),(16335,7188),(16336,7188),(16337,7188),(16494,7188),(16495,7188),(16496,7188),(16653,7188),(16654,7188),(16655,7188),(16821,7188),(16822,7188),(16823,7188),(17028,7188),(17029,7188),(17030,7188),(15725,7189),(15726,7189),(15727,7189),(15779,7189),(15780,7189),(15781,7189),(15876,7189),(15877,7189),(15878,7189),(15973,7189),(15974,7189),(15975,7189),(16070,7189),(16071,7189),(16072,7189),(16203,7189),(16204,7189),(16205,7189),(16338,7189),(16339,7189),(16340,7189),(16497,7189),(16498,7189),(16499,7189),(16656,7189),(16657,7189),(16658,7189),(16824,7189),(16825,7189),(16826,7189),(17031,7189),(17032,7189),(17033,7189),(15728,7190),(15729,7190),(15782,7190),(15783,7190),(15879,7190),(15880,7190),(15976,7190),(15977,7190),(16073,7190),(16074,7190),(16206,7190),(16207,7190),(16341,7190),(16342,7190),(16500,7190),(16501,7190),(16659,7190),(16660,7190),(16827,7190),(16828,7190),(17034,7190),(17035,7190),(15730,7191),(15731,7191),(15732,7191),(15784,7191),(15785,7191),(15786,7191),(15881,7191),(15882,7191),(15883,7191),(15978,7191),(15979,7191),(15980,7191),(16075,7191),(16076,7191),(16077,7191),(16208,7191),(16209,7191),(16210,7191),(16343,7191),(16344,7191),(16345,7191),(16502,7191),(16503,7191),(16504,7191),(16661,7191),(16662,7191),(16663,7191),(16829,7191),(16830,7191),(16831,7191),(17036,7191),(17037,7191),(17038,7191),(15787,7192),(15884,7192),(15981,7192),(16078,7192),(16211,7192),(16346,7192),(16505,7192),(16664,7192),(16832,7192),(17039,7192),(15788,7193),(15789,7193),(15790,7193),(15885,7193),(15886,7193),(15887,7193),(15982,7193),(15983,7193),(15984,7193),(16079,7193),(16080,7193),(16081,7193),(16212,7193),(16213,7193),(16214,7193),(16347,7193),(16348,7193),(16349,7193),(16506,7193),(16507,7193),(16508,7193),(16665,7193),(16666,7193),(16667,7193),(16833,7193),(16834,7193),(16835,7193),(17040,7193),(17041,7193),(17042,7193),(15791,7195),(15888,7195),(15985,7195),(16082,7195),(16215,7195),(16350,7195),(16509,7195),(16668,7195),(16836,7195),(17043,7195),(15792,7196),(15889,7196),(15986,7196),(16083,7196),(16216,7196),(16351,7196),(16510,7196),(16669,7196),(16837,7196),(17044,7196),(15793,7197),(15794,7197),(15795,7197),(15796,7197),(15890,7197),(15891,7197),(15892,7197),(15893,7197),(15987,7197),(15988,7197),(15989,7197),(15990,7197),(16084,7197),(16085,7197),(16086,7197),(16087,7197),(16217,7197),(16218,7197),(16219,7197),(16220,7197),(16352,7197),(16353,7197),(16354,7197),(16355,7197),(16511,7197),(16512,7197),(16513,7197),(16514,7197),(16670,7197),(16671,7197),(16672,7197),(16673,7197),(16838,7197),(16839,7197),(16840,7197),(16841,7197),(17045,7197),(17046,7197),(17047,7197),(17048,7197),(15797,7198),(15894,7198),(15991,7198),(16088,7198),(16221,7198),(16356,7198),(16515,7198),(16674,7198),(16842,7198),(17049,7198),(15798,7199),(15799,7199),(15895,7199),(15896,7199),(15992,7199),(15993,7199),(16089,7199),(16090,7199),(16222,7199),(16223,7199),(16357,7199),(16358,7199),(16516,7199),(16517,7199),(16675,7199),(16676,7199),(16843,7199),(16844,7199),(17050,7199),(17051,7199),(15800,7200),(15897,7200),(15994,7200),(16091,7200),(16224,7200),(16359,7200),(16518,7200),(16677,7200),(16845,7200),(17052,7200),(15801,7201),(15898,7201),(15995,7201),(16092,7201),(16225,7201),(16360,7201),(16519,7201),(16678,7201),(16846,7201),(17053,7201),(15802,7202),(15803,7202),(15899,7202),(15900,7202),(15996,7202),(15997,7202),(16093,7202),(16094,7202),(16226,7202),(16227,7202),(16361,7202),(16362,7202),(16520,7202),(16521,7202),(16679,7202),(16680,7202),(16847,7202),(16848,7202),(17054,7202),(17055,7202),(15804,7203),(15901,7203),(15998,7203),(16095,7203),(16228,7203),(16363,7203),(16522,7203),(16681,7203),(16849,7203),(17056,7203),(15805,7204),(15806,7204),(15902,7204),(15903,7204),(15999,7204),(16000,7204),(16096,7204),(16097,7204),(16229,7204),(16230,7204),(16364,7204),(16365,7204),(16523,7204),(16524,7204),(16682,7204),(16683,7204),(16850,7204),(16851,7204),(17057,7204),(17058,7204),(15807,7205),(15904,7205),(16001,7205),(16098,7205),(16231,7205),(16366,7205),(16525,7205),(16684,7205),(16852,7205),(17059,7205),(15808,7206),(15809,7206),(15905,7206),(15906,7206),(16002,7206),(16003,7206),(16099,7206),(16100,7206),(16232,7206),(16233,7206),(16367,7206),(16368,7206),(16526,7206),(16527,7206),(16685,7206),(16686,7206),(16853,7206),(16854,7206),(17060,7206),(17061,7206),(15810,7207),(15811,7207),(15907,7207),(15908,7207),(16004,7207),(16005,7207),(16101,7207),(16102,7207),(16234,7207),(16235,7207),(16369,7207),(16370,7207),(16528,7207),(16529,7207),(16687,7207),(16688,7207),(16855,7207),(16856,7207),(17062,7207),(17063,7207),(15812,7208),(15813,7208),(15909,7208),(15910,7208),(16006,7208),(16007,7208),(16103,7208),(16104,7208),(16236,7208),(16237,7208),(16371,7208),(16372,7208),(16530,7208),(16531,7208),(16689,7208),(16690,7208),(16857,7208),(16858,7208),(17064,7208),(17065,7208),(15814,7209),(15815,7209),(15911,7209),(15912,7209),(16008,7209),(16009,7209),(16105,7209),(16106,7209),(16238,7209),(16239,7209),(16373,7209),(16374,7209),(16532,7209),(16533,7209),(16691,7209),(16692,7209),(16859,7209),(16860,7209),(17066,7209),(17067,7209),(15816,7210),(15913,7210),(16010,7210),(16107,7210),(16240,7210),(16375,7210),(16534,7210),(16693,7210),(16861,7210),(17068,7210),(15817,7211),(15914,7211),(16011,7211),(16108,7211),(16241,7211),(16376,7211),(16535,7211),(16694,7211),(16862,7211),(17069,7211),(15818,7212),(15819,7212),(15915,7212),(15916,7212),(16012,7212),(16013,7212),(16109,7212),(16110,7212),(16242,7212),(16243,7212),(16377,7212),(16378,7212),(16536,7212),(16537,7212),(16695,7212),(16696,7212),(16863,7212),(16864,7212),(17070,7212),(17071,7212),(15820,7213),(15917,7213),(16014,7213),(16111,7213),(16244,7213),(16379,7213),(16538,7213),(16697,7213),(16865,7213),(17072,7213),(15821,7214),(15822,7214),(15918,7214),(15919,7214),(16015,7214),(16016,7214),(16112,7214),(16113,7214),(16245,7214),(16246,7214),(16380,7214),(16381,7214),(16539,7214),(16540,7214),(16698,7214),(16699,7214),(16866,7214),(16867,7214),(17073,7214),(17074,7214),(15823,7215),(15920,7215),(16017,7215),(16114,7215),(16247,7215),(16382,7215),(16541,7215),(16700,7215),(16868,7215),(17075,7215),(15824,7216),(15921,7216),(16018,7216),(16115,7216),(16248,7216),(16383,7216),(16542,7216),(16701,7216),(16869,7216),(17076,7216),(15825,7217),(15922,7217),(16019,7217),(16116,7217),(16249,7217),(16384,7217),(16543,7217),(16702,7217),(16870,7217),(17077,7217),(15826,7218),(15923,7218),(16020,7218),(16117,7218),(16250,7218),(16385,7218),(16544,7218),(16703,7218),(16871,7218),(17078,7218),(15827,7219),(15924,7219),(16021,7219),(16118,7219),(16251,7219),(16386,7219),(16545,7219),(16704,7219),(16872,7219),(17079,7219),(15828,7220),(15925,7220),(16022,7220),(16119,7220),(16252,7220),(16387,7220),(16546,7220),(16705,7220),(16873,7220),(17080,7220),(15829,7221),(15926,7221),(16023,7221),(16120,7221),(16253,7221),(16388,7221),(16547,7221),(16706,7221),(16874,7221),(17081,7221),(16121,7238),(16254,7238),(16389,7238),(16548,7238),(16707,7238),(16875,7238),(17082,7238),(16122,7239),(16255,7239),(16390,7239),(16549,7239),(16708,7239),(16876,7239),(17083,7239),(16123,7240),(16124,7240),(16256,7240),(16257,7240),(16391,7240),(16392,7240),(16550,7240),(16551,7240),(16709,7240),(16710,7240),(16877,7240),(16878,7240),(17084,7240),(17085,7240),(16125,7241),(16126,7241),(16258,7241),(16259,7241),(16393,7241),(16394,7241),(16552,7241),(16553,7241),(16711,7241),(16712,7241),(16879,7241),(16880,7241),(17086,7241),(17087,7241),(16127,7242),(16128,7242),(16260,7242),(16261,7242),(16395,7242),(16396,7242),(16554,7242),(16555,7242),(16713,7242),(16714,7242),(16881,7242),(16882,7242),(17088,7242),(17089,7242),(16129,7244),(16262,7244),(16397,7244),(16556,7244),(16715,7244),(16883,7244),(17090,7244),(16130,7245),(16131,7245),(16263,7245),(16264,7245),(16398,7245),(16399,7245),(16557,7245),(16558,7245),(16716,7245),(16717,7245),(16884,7245),(16885,7245),(17091,7245),(17092,7245),(16132,7246),(16265,7246),(16400,7246),(16559,7246),(16718,7246),(16886,7246),(17093,7246),(16133,7247),(16134,7247),(16135,7247),(16266,7247),(16267,7247),(16268,7247),(16401,7247),(16402,7247),(16403,7247),(16560,7247),(16561,7247),(16562,7247),(16719,7247),(16720,7247),(16721,7247),(16887,7247),(16888,7247),(16889,7247),(17094,7247),(17095,7247),(17096,7247),(16136,7248),(16269,7248),(16404,7248),(16563,7248),(16722,7248),(16890,7248),(17097,7248),(16137,7249),(16138,7249),(16139,7249),(16140,7249),(16270,7249),(16271,7249),(16272,7249),(16273,7249),(16405,7249),(16406,7249),(16407,7249),(16408,7249),(16564,7249),(16565,7249),(16566,7249),(16567,7249),(16723,7249),(16724,7249),(16725,7249),(16726,7249),(16891,7249),(16892,7249),(16893,7249),(16894,7249),(17098,7249),(17099,7249),(17100,7249),(17101,7249),(16141,7250),(16142,7250),(16274,7250),(16275,7250),(16409,7250),(16410,7250),(16568,7250),(16569,7250),(16727,7250),(16728,7250),(16895,7250),(16896,7250),(17102,7250),(17103,7250),(16143,7251),(16276,7251),(16411,7251),(16570,7251),(16729,7251),(16897,7251),(17104,7251),(16144,7254),(16277,7254),(16412,7254),(16571,7254),(16730,7254),(16898,7254),(17105,7254),(16145,7255),(16278,7255),(16413,7255),(16572,7255),(16731,7255),(16899,7255),(17106,7255),(16146,7256),(16279,7256),(16414,7256),(16573,7256),(16732,7256),(16900,7256),(17107,7256),(16147,7257),(16148,7257),(16280,7257),(16281,7257),(16415,7257),(16416,7257),(16574,7257),(16575,7257),(16733,7257),(16734,7257),(16901,7257),(16902,7257),(17108,7257),(17109,7257),(16149,7258),(16150,7258),(16282,7258),(16283,7258),(16417,7258),(16418,7258),(16576,7258),(16577,7258),(16735,7258),(16736,7258),(16903,7258),(16904,7258),(17110,7258),(17111,7258),(16151,7259),(16284,7259),(16419,7259),(16578,7259),(16737,7259),(16905,7259),(17112,7259),(16152,7260),(16285,7260),(16420,7260),(16579,7260),(16738,7260),(16906,7260),(17113,7260),(16153,7261),(16286,7261),(16421,7261),(16580,7261),(16739,7261),(16907,7261),(17114,7261),(16154,7263),(16155,7263),(16156,7263),(16287,7263),(16288,7263),(16289,7263),(16422,7263),(16423,7263),(16424,7263),(16581,7263),(16582,7263),(16583,7263),(16740,7263),(16741,7263),(16742,7263),(16908,7263),(16909,7263),(16910,7263),(17115,7263),(17116,7263),(17117,7263),(16290,7265),(16425,7265),(16584,7265),(16743,7265),(16911,7265),(17118,7265),(16291,7267),(16426,7267),(16585,7267),(16744,7267),(16912,7267),(17119,7267),(16427,7270),(16428,7270),(16586,7270),(16587,7270),(16745,7270),(16746,7270),(16913,7270),(16914,7270),(17120,7270),(17121,7270),(16429,7271),(16430,7271),(16588,7271),(16589,7271),(16747,7271),(16748,7271),(16915,7271),(16916,7271),(17122,7271),(17123,7271),(16431,7272),(16432,7272),(16433,7272),(16590,7272),(16591,7272),(16592,7272),(16749,7272),(16750,7272),(16751,7272),(16917,7272),(16918,7272),(16919,7272),(17124,7272),(17125,7272),(17126,7272),(16434,7273),(16435,7273),(16593,7273),(16594,7273),(16752,7273),(16753,7273),(16920,7273),(16921,7273),(17127,7273),(17128,7273),(16436,7274),(16437,7274),(16438,7274),(16595,7274),(16596,7274),(16597,7274),(16754,7274),(16755,7274),(16756,7274),(16922,7274),(16923,7274),(16924,7274),(17129,7274),(17130,7274),(17131,7274),(16439,7275),(16440,7275),(16598,7275),(16599,7275),(16757,7275),(16758,7275),(16925,7275),(16926,7275),(17132,7275),(17133,7275),(16441,7276),(16600,7276),(16759,7276),(16927,7276),(17134,7276),(16442,7278),(16443,7278),(16444,7278),(16601,7278),(16602,7278),(16603,7278),(16760,7278),(16761,7278),(16762,7278),(16928,7278),(16929,7278),(16930,7278),(17135,7278),(17136,7278),(17137,7278),(16445,7279),(16604,7279),(16763,7279),(16931,7279),(17138,7279),(16446,7280),(16447,7280),(16605,7280),(16606,7280),(16764,7280),(16765,7280),(16932,7280),(16933,7280),(17139,7280),(17140,7280),(16448,7281),(16607,7281),(16766,7281),(16934,7281),(17141,7281),(16449,7282),(16608,7282),(16767,7282),(16935,7282),(17142,7282),(16450,7283),(16609,7283),(16768,7283),(16936,7283),(17143,7283),(16769,7286),(16937,7286),(17144,7286),(16770,7287),(16938,7287),(17145,7287),(16771,7289),(16939,7289),(17146,7289),(16772,7290),(16940,7290),(17147,7290),(16773,7291),(16941,7291),(17148,7291),(16774,7292),(16942,7292),(17149,7292),(16775,7294),(16776,7294),(16777,7294),(16943,7294),(16944,7294),(16945,7294),(17150,7294),(17151,7294),(17152,7294),(16946,7296),(16947,7296),(17153,7296),(17154,7296),(16948,7297),(17155,7297),(16949,7298),(17156,7298),(16950,7299),(17157,7299),(16951,7300),(16952,7300),(17158,7300),(17159,7300),(16953,7301),(16954,7301),(16955,7301),(17160,7301),(17161,7301),(17162,7301),(16956,7302),(17163,7302),(16957,7303),(17164,7303),(16958,7304),(16959,7304),(17165,7304),(17166,7304),(16960,7305),(17167,7305),(16961,7307),(16962,7307),(17168,7307),(17169,7307),(16963,7309),(17170,7309),(16964,7310),(16965,7310),(17171,7310),(17172,7310),(16966,7311),(17173,7311),(16967,7312),(17174,7312),(16968,7313),(17175,7313),(16969,7314),(16970,7314),(16971,7314),(17176,7314),(17177,7314),(17178,7314),(16972,7315),(17179,7315),(16973,7316),(16974,7316),(17180,7316),(17181,7316),(16975,7317),(16976,7317),(17182,7317),(17183,7317),(16977,7318),(16978,7318),(17184,7318),(17185,7318),(16979,7319),(17186,7319),(16980,7320),(17187,7320),(16981,7321),(17188,7321),(16982,7322),(16983,7322),(17189,7322),(17190,7322),(16984,7323),(17191,7323),(17192,7324),(17193,7325),(17194,7326),(17195,7326),(17196,7326),(17197,7327),(17198,7328),(17199,7328),(17200,7329),(17201,7330),(17202,7330),(17203,7330),(17204,7330),(17205,7331),(17206,7332),(17207,7333),(17208,7333),(17209,7333),(17210,7334),(17211,7335),(17212,7335),(17213,7335),(17214,7335),(17215,7335);
/*!40000 ALTER TABLE `Requires` ENABLE KEYS */;
UNLOCK TABLES;

--
-- Table structure for table `SequenceDetails`
--

DROP TABLE IF EXISTS `SequenceDetails`;
/*!40101 SET @saved_cs_client     = @@character_set_client */;
/*!40101 SET character_set_client = utf8 */;
CREATE TABLE `SequenceDetails` (
  `ProgramID` int(10) unsigned NOT NULL,
  `CourseID` int(10) unsigned NOT NULL,
  `Semester` int(10) NOT NULL,
  KEY `fk_SequenceDetails_Course1` (`CourseID`),
  KEY `fk_SequenceDetails_Sequence` (`ProgramID`),
  KEY `fk_SequenceDetails_Program2` (`ProgramID`),
  KEY `fk_SequenceDetails_Course2` (`CourseID`),
  CONSTRAINT `fk_SequenceDetails_Course2` FOREIGN KEY (`CourseID`) REFERENCES `Course` (`CourseID`) ON DELETE NO ACTION ON UPDATE NO ACTION,
  CONSTRAINT `fk_SequenceDetails_Program2` FOREIGN KEY (`ProgramID`) REFERENCES `Program` (`ProgramID`) ON DELETE NO ACTION ON UPDATE NO ACTION
) ENGINE=InnoDB DEFAULT CHARSET=latin1;
/*!40101 SET character_set_client = @saved_cs_client */;

--
-- Dumping data for table `SequenceDetails`
--

LOCK TABLES `SequenceDetails` WRITE;
/*!40000 ALTER TABLE `SequenceDetails` DISABLE KEYS */;
INSERT INTO `SequenceDetails` VALUES (34,7157,1),(34,7398,1),(34,7265,1),(34,7270,1),(34,7272,1),(34,7158,2),(34,7271,2),(34,7268,2),(34,7273,2),(34,7274,2),(34,7276,2),(34,7399,3),(34,7337,4),(34,7338,4),(34,7241,4),(34,7370,4),(34,7278,4),(34,7159,5),(34,7160,5),(34,7163,5),(34,7164,5),(34,7280,5),(34,7340,6),(34,7341,6),(34,7400,6),(34,7346,6),(34,7277,6),(34,7170,7),(34,7165,7),(34,7279,7),(34,7401,8),(34,7402,8),(34,7168,8),(34,7161,9),(34,7167,9),(34,7168,9),(35,7157,1),(35,7403,1),(35,7268,1),(35,7270,1),(35,7272,1),(35,7158,2),(35,7269,2),(35,7271,2),(35,7273,2),(35,7274,2),(35,7276,2),(35,7399,3),(35,7337,4),(35,7404,4),(35,7241,4),(35,7265,4),(35,7370,4),(35,7278,4),(35,7159,5),(35,7160,5),(35,7171,5),(35,7172,5),(35,7280,5),(35,7340,6),(35,7347,6),(35,7344,6),(35,7405,6),(35,7346,6),(35,7170,7),(35,7277,7),(35,7279,7),(35,7179,8),(35,7281,8),(35,7161,9),(35,7179,9),(36,7180,1),(36,7240,1),(36,7268,1),(36,7270,1),(36,7271,1),(36,7181,2),(36,7184,2),(36,7238,2),(36,7239,2),(36,7265,2),(36,7182,3),(36,7183,3),(36,7350,3),(36,7368,3),(36,7269,3),(36,7242,4),(36,7243,4),(36,7246,4),(36,7247,4),(36,7277,4),(36,7375,5),(36,7406,5),(36,7248,5),(36,7279,5),(36,7280,5),(36,7185,6),(36,7245,6),(36,7249,6),(36,7256,6),(36,7407,7),(36,7408,7),(36,7409,7),(36,7410,7),(36,7263,7),(36,7411,8),(36,7412,8),(36,7263,8),(36,7281,8),(37,7180,1),(37,7181,1),(37,7240,1),(37,7268,1),(37,7270,1),(37,7182,2),(37,7184,2),(37,7239,2),(37,7269,2),(37,7271,2),(37,7413,3),(37,7351,3),(37,7350,3),(37,7368,3),(37,7265,3),(37,7183,4),(37,7185,4),(37,7244,4),(37,7247,4),(37,7280,4),(37,7353,5),(37,7243,5),(37,7248,5),(37,7277,5),(37,7279,5),(37,7186,6),(37,7187,6),(37,7188,6),(37,7190,6),(37,7414,7),(37,7415,7),(37,7191,7),(37,7281,7),(37,7416,8),(37,7417,8),(37,7418,8),(37,7191,8),(38,7194,1),(38,7196,1),(38,7268,1),(38,7270,1),(38,7197,2),(38,7271,2),(38,7324,2),(38,7325,2),(38,7203,3),(38,7204,3),(38,7265,3),(38,7269,3),(38,7202,4),(38,7241,4),(38,7279,4),(38,7280,4),(38,7326,4),(38,7199,5),(38,7394,5),(38,7393,5),(38,7419,5),(38,7327,6),(38,7328,6),(38,7329,6),(38,7330,6),(38,7331,6),(38,7335,7),(38,7277,8),(38,7281,8),(38,7335,8);
/*!40000 ALTER TABLE `SequenceDetails` ENABLE KEYS */;
UNLOCK TABLES;

--
-- Table structure for table `Grade`
--

DROP TABLE IF EXISTS `Grade`;
/*!40101 SET @saved_cs_client     = @@character_set_client */;
/*!40101 SET character_set_client = utf8 */;
CREATE TABLE `Grade` (
  `Grade` varchar(12) NOT NULL,
  `GPAValue` decimal(3,2) default NULL,
  PRIMARY KEY  (`Grade`)
) ENGINE=MyISAM DEFAULT CHARSET=latin1;
/*!40101 SET character_set_client = @saved_cs_client */;

--
-- Dumping data for table `Grade`
--

LOCK TABLES `Grade` WRITE;
/*!40000 ALTER TABLE `Grade` DISABLE KEYS */;
INSERT INTO `Grade` VALUES ('A+','4.30'),('A','4.00'),('A-','3.70'),('B+','3.30'),('B','3.00'),('B-','2.70'),('C+','2.30'),('C','2.00'),('C-','1.70'),('D+','1.30'),('D','1.00'),('D-','0.70'),('F','0.00'),('R',NULL);
/*!40000 ALTER TABLE `Grade` ENABLE KEYS */;
UNLOCK TABLES;

--
-- Table structure for table `StudentProgram`
--

DROP TABLE IF EXISTS `StudentProgram`;
/*!40101 SET @saved_cs_client     = @@character_set_client */;
/*!40101 SET character_set_client = utf8 */;
CREATE TABLE `StudentProgram` (
  `UserID` char(7) NOT NULL,
  `ProgramID` int(10) unsigned NOT NULL,
  KEY `fk_StudentSequence_User` (`UserID`),
  KEY `fk_StudentProgram_Program1` (`ProgramID`),
  CONSTRAINT `fk_StudentProgram_Program1` FOREIGN KEY (`ProgramID`) REFERENCES `Program` (`ProgramID`) ON DELETE NO ACTION ON UPDATE NO ACTION,
  CONSTRAINT `fk_StudentSequence_User` FOREIGN KEY (`UserID`) REFERENCES `User` (`UserID`) ON DELETE NO ACTION ON UPDATE NO ACTION
) ENGINE=InnoDB DEFAULT CHARSET=latin1;
/*!40101 SET character_set_client = @saved_cs_client */;

--
-- Dumping data for table `StudentProgram`
--

LOCK TABLES `StudentProgram` WRITE;
/*!40000 ALTER TABLE `StudentProgram` DISABLE KEYS */;
INSERT INTO `StudentProgram` VALUES ('1234567',38),('6660000',38),('6661111',36),('6662222',37),('6663333',38),('6664444',36),('6665555',37),('6666666',38),('9365079',38),('0153753',38),('4183024',38),('4318070',38),('4870071',38),('5496306',38),('7873104',38);
/*!40000 ALTER TABLE `StudentProgram` ENABLE KEYS */;
UNLOCK TABLES;

--
-- Table structure for table `Course`
--

DROP TABLE IF EXISTS `Course`;
/*!40101 SET @saved_cs_client     = @@character_set_client */;
/*!40101 SET character_set_client = utf8 */;
CREATE TABLE `Course` (
  `CourseID` int(10) unsigned NOT NULL auto_increment,
  `DepartmentId` varchar(4) NOT NULL,
  `Number` varchar(4) NOT NULL,
  `Name` varchar(32) NOT NULL,
  `Credits` smallint(5) unsigned NOT NULL,
  `Description` varchar(4093) default NULL,
  `Note` varchar(4093) default NULL,
  PRIMARY KEY  (`CourseID`),
  KEY `CoursesDep` (`DepartmentId`),
  CONSTRAINT `CoursesDep` FOREIGN KEY (`DepartmentId`) REFERENCES `Department` (`DepartmentID`) ON DELETE NO ACTION ON UPDATE NO ACTION
) ENGINE=InnoDB AUTO_INCREMENT=7420 DEFAULT CHARSET=latin1;
/*!40101 SET character_set_client = @saved_cs_client */;

--
-- Dumping data for table `Course`
--

LOCK TABLES `Course` WRITE;
/*!40000 ALTER TABLE `Course` DISABLE KEYS */;
INSERT INTO `Course` VALUES (6,'DERP','201','DERP I',3,NULL,NULL),(7,'DERP','202','DERP II',3,NULL,NULL),(8,'DERP','301','DERP III',3,NULL,NULL),(11,'DERP','291','DERP TOPICS I',3,NULL,NULL),(12,'DERP','292','DERP TOPICS II',3,NULL,NULL),(13,'DERP','293','DERP TOPICS III',3,NULL,NULL),(14,'DERP','295','DERP ETHICS',3,'',NULL),(7157,'BCEE','231','COMP.APPL.BLDG/CIVIL ENGR.  ',3,NULL,NULL),(7158,'BCEE','232','PROGRAMMING/BLDG+CIVIL ENGR.',2,NULL,NULL),(7159,'BCEE','343','STRUCTURAL ANALYSIS II      ',3,'Structural Analysis II \n\nPrerequisite: BCEE 342. Analysis of statically indeterminate structures: the \nmethods of consistent deformations, slope deflection, and moment distribution. \nApplication of virtual work principles. Introduction to matrix methods. Computer \napplications. Lectures: three hours per week. Tutorial: one hour per week.\nNOTE: Students who have received credit for ENGR 343 may not take this course \nfor credit.\n\n',NULL),(7160,'BCEE','345','STRUCTURAL DESIGN II        ',3,'Structural Design II \n\nPrerequisite: BCEE 342 previously or concurrently. Behaviour of reinforced \nconcrete elements in flexure, compression, shear and bond. Limit states design \nof reinforced concrete beams, one-way slabs, columns, and footings. \nServiceability limits states. Introduction to prestressed concrete and masonry \nstructures. Design examples. Lectures: three hours per week. Tutorial: two hours \nper week.\nNOTE: Students who have received credit for ENGR 345 may not take this course \nfor credit.\n',NULL),(7161,'BCEE','451','CONSTRUCTION ENGINEERING    ',3,'Construction Engineering \n\nPrerequisite: BLDG 341 or CIVI 341. The nature of construction and the \nenvironment in which the industry works; organizational structures for project \ndelivery; construction contracts and documents; introduction to construction \nprocesses: excavation and site works, foundation layout, concrete form design, \nconcrete, steel, timber, and masonry construction; project planning, scheduling, \nand control; construction safety. Lectures: three hours per week.\nNOTE: Students who have received credit for ENGR 451 may not take this course \nfor credit.\n\n',NULL),(7162,'BCEE','455','INTRO TO STRUCTURAL DYNAMICS',3,'Introduction to Structural Dynamics \n\nPrerequisite: ENGR 243, 391; BCEE 342. Theory of vibration. Dynamic response of \nsimple structural systems. Effects of blast, wind, traffic, and machinery \nvibrations. Basic concepts in earthquake resistant design. Computer \napplications. Lectures: three hours per week.\nNOTE: Students who have received credit for ENGR 455 may not take this course \nfor credit.\n\n\n',NULL),(7163,'BLDG','365','BUILDING SCIENCE            ',4,NULL,NULL),(7164,'BLDG','366','ACOUSTICS AND LIGHTING      ',4,NULL,NULL),(7165,'BLDG','371','BUILDING SERVICE SYSTEMS    ',4,NULL,NULL),(7166,'BLDG','477','CONTROL SYSTEMS IN BUILDINGS',3,'Control Systems in Buildings \n\nPrerequisite: BLDG 371 previously or concurrently. Introduction to automatic \ncontrol systems. Control issues related to energy conservation, indoor air \nquality and thermal comfort in buildings. Classification of HVAC control \nsystems. Control system hardware: selection and sizing of sensors, actuators and \ncontrollers. Practical HVAC control systems; elementary local loop and complete \ncontrol systems. Designing and tuning of controllers. Building automation \nsystems. Case studies. Lectures: three hours per week.\n\n',NULL),(7167,'BLDG','482','IMPACT/TECH./SOC.+ARCH.     ',3,NULL,NULL),(7168,'BLDG','490','CAPSTONE BLDG.ENGR.DES.PROJ.',4,NULL,NULL),(7169,'BLDG','492','CONSTRUCTION PROCESSES      ',3,'Construction Processes \n\nPrerequisite: BCEE 451 or ENGR 451. A study of current construction methods and \ntechniques. The subjects include site preparation and earth-work, wood framing, \nmasonry, concrete forming, slip forming, precast construction, industrialized \nbuilding, deep excavation shoring and underpinning. Design, erection, and \nremoval of temporary construction work. Current field practice and safety \nconsiderations. Site visits. Lectures: three hours per week.\n\n',NULL),(7170,'CIVI','321','ENGINEERING MATERIALS       ',4,NULL,NULL),(7171,'CIVI','341','CIVIL ENGINEERING SYSTEMS   ',3,'Civil Engineering Systems \n\nPrerequisite: BCEE 231 previously or concurrently. Development of concepts and \ntechniques commonly associated with systems engineering which are applicable to \ndesign and operation of systems that concern civil engineers. Design and \nplanning process; problem formulation, optimization concepts, linear \nprogramming, decision analysis; system simulation; network planning and project \nscheduling; computer applications. The techniques developed are used to solve \nproblems in transportation, water resources, structures, and construction \nmanagement. Lectures: three hours per week.\n\n',NULL),(7172,'CIVI','361','INTRO. TO ENVIRON.ENGIN.    ',4,NULL,NULL),(7173,'CIVI','382','WATER RESOURCES ENG.        ',4,NULL,NULL),(7174,'CIVI','435','FOUNDATION DESIGN           ',4,NULL,NULL),(7175,'CIVI','454','DESIGN OF STEEL STRUCTURES  ',4,NULL,NULL),(7176,'CIVI','467','AIR POLLUT/EMISSION CONTROL ',3,'Air Pollution and Emission Control \n\nPrerequisite: CIVI 361. Types of air pollutants. Sources of air pollutants, \neffects of air pollutants on health, vegetation, materials, and the atmosphere; \nemission standards. Meteorological considerations, dispersion of pollutants in \nthe atmosphere, distribution and cleansing of particle matter, atmospheric \nphotochemical reactions. Particulate pollutant control, source correction, \ncooling treatment; control of gaseous pollutant, point sources, odour control; \nmeasurement techniques; computer applications. Lectures: three hours per week.\n\n',NULL),(7177,'CIVI','474','TRANSPORT. PLANNING + DESIGN',3,'Transportation Planning and Design \n\nPrerequisite: CIVI 372. Transportation planning process; data collection and \ndemand analysis; trip generation, trip distribution, modal split and route \nassignment; forecasting travel patterns. Design of transportation facilities: \nstreet sections, intersections, and parking areas. Computer applications and \ndesign projects. Lectures: three hours per week. Tutorial: two hours per week, \nalternate weeks.',NULL),(7178,'CIVI','483','HYDROLOGY                   ',3,'Hydrology \n\nPrerequisite: CIVI 381. Weather elements; precipitation, stage-discharge \nrelations; evapo-transpiration; ground-water flow; stream-flow hydrography, unit \nhydrography, synthetic hydrographs; laminar flow; hydrologic routing; \ninstantaneous hydrograph; hydraulic routing, method of characteristics, \nkinematic routing; statistical analysis, confidence intervals, stochastic \ngenerator, autoregressive model; applications of hydrology. Lectures: three \nhours per week. Tutorial: two hours per week.\n\n',NULL),(7179,'CIVI','490','CAPSTONE CE DESIGN PROJECT  ',4,'Capstone Civil Engineering Design Project \n\nPrerequisite: Minimum of 75 credits in BEng (Civil) including ENCS 282; ENGR \n301; CIVI 361, 382, 390; BCEE 344, 345; or permission of the Department. The \nproject of each team will encompass the integrated design of at least two \nsub-disciplines of civil engineering to achieve high performance at reasonable \ncost. Through case studies and literature survey, students learn the information \ngathering and decision/design process, problem resolution, and aspects related \nto management, teamwork, and communication. Students registering for this course \nmust contact the course coordinator for the detailed procedure. Lectures: two \nhours per week, two terms.\nNOTE: Students will work in groups under direct supervision of a faculty \nmember.\n\n',NULL),(7180,'COEN','231','INTRO - DISCRETE MATHEMATICS',3,'Introduction to Discrete Mathematics \n\nPrerequisite: MATH 204 (Cegep Mathematics 105). Fundamental principles of \ncounting: rules of sum and product; permutations, arrangements and combinations, \nthe binomial theorem; combinations with repetition; distributions. Fundamentals \nof logic: basic connectives and truth tables; logical equivalence; the laws of \nlogic; logical implication; rules of inference; the use of quantifiers; proofs \nof theorems. Sets: the laws of set theory. Boolean algebra. Relation of Boolean \nalgebra to logical and set theoretic operations. Modulo arithmetic: \nrepresentations of numbers in binary, octal and hexadecimal formats; binary \narithmetic. Induction and recursion: induction on natural numbers; recursive \ndefinitions. Functions and relations: cartesian products and relations; \nfunctions; function composition and inverse functions; computational complexity. \nElements of graph theory: basic definitions of graph theory; paths, reachability \nand connectedness; computing paths from their matrix representation; traversing \ngraphs represented as adjacency lists; trees and spanning trees. Lectures: three \nhours per week. Tutorial: one hour per week.\n\n',NULL),(7181,'COEN','243','PROGRAMMING METHODOLOGY I   ',3,'Programming Methodology I \n\nPrerequisite: COEN 231 previously or concurrently. Introduction to computer \nhardware and software, programming and programming paradigms; including \nlow-level programming. Overview of procedural programming languages: key \nelements; reserved words and identifiers; data types and declarations; \nstatements; arithmetic expressions; different modes of execution. Top-down \nmodular design using functions (and native classes). Flow control using If-Else \nand Switch statements. Repetition using loops and recursive functions. Simple \ndata types: native and user-defined. Static data structures: arrays and \nstructures. Overview of object-oriented programming languages. User-defined \nclasses. Class attributes and methods. Object creation, use and destruction. \nPointers and an introduction to dynamic data structures. Introduction to streams \nand files. Lectures: three hours per week. Tutorial: two hours per week.\nNOTE: Students who have received credit for COMP 248 may not take this course \nfor credit.\n\n',NULL),(7182,'COEN','244','PROGRAMMING METHODOLOGY II  ',3,'Programming Methodology II \n\nPrerequisite: COEN 243. Review of object-oriented programming and further \nconcepts. More on classes. Revisiting pointers. Operator overloading: regular \nand advanced usage. Fundamentals of file and stream processing. Class \ncomposition and inheritance: regular and advanced usage. Virtual functions. \nPolymorphism. Static and dynamic binding. Abstract classes. Case study of a \nsmall-scale object-oriented project: simplified analysis, design, and \nimplementation. Introduction to templates, the standard template library, and \nexception handling. Introduction to dynamic data types. Namespaces. Lectures: \nthree hours per week. Tutorial: two hours per week.\nNOTE: Students who have received credit for COMP 249 may not take this course \nfor credit.',NULL),(7183,'COEN','311','COMP ORGANIZATION + SOFTWARE',4,NULL,NULL),(7184,'COEN','312','DIGITAL SYSTEMS DESIGN      ',4,NULL,NULL),(7185,'COEN','315','DIGITAL ELECTRONICS         ',4,NULL,NULL),(7186,'COEN','316','COMPUTER ARCHITECT. + DESIGN',3,'Computer Architecture and Design \n\nPrerequisite: COEN 311, 312. Review of basic computer architecture designs. \nFundamentals of computer design and performance. Cost issues. Instruction set \ndesign principles. Memory hierarchies: registers, caches, and virtual memories. \nBasic processor implementation issues. High performance computing issues such as \npipelining, superscalar, and vector processing. Input/output subsystem designs. \nLectures: three hours per week. Tutorial: one hour per week.\nNOTE: Students who have received credit for COEN 416 may not take this course \nfor credit.\n\n',NULL),(7187,'COEN','346','OPERATING SYSTEMS           ',4,NULL,NULL),(7188,'COEN','390','COMP. ENG. TEAM DESIGN PROJ.',3,'Computer Engineering Team Design Project \n\nPrerequisite: Minimum of 45 credits in BEng (Computer); COEN 244, 311; ENCS 282; \nENGR 301. The Team Design Project introduces students to teamwork, project \nmanagement, engineering design for a complex problem, technical writing and \ntechnical presentation in a team environment. Students will be assigned to teams \nand each team will design and build a device defined by the Department. Students \nwill present their design and demonstrate that their device works in a \ncompetition at the end of the term. Tutorial: two hours per week. Equivalent \nlaboratory time: six hours per week.\nNOTE: All written documentation must follow the Concordia Form and Style \nguide. Students are responsible for obtaining this document before beginning the \nproject.\n\n',NULL),(7189,'COEN','421','EMBEDDED SYSTEMS+SW DESIGN  ',4,'Embedded Systems and Software Design \n\nPrerequisite: COEN 317, 320; SOEN 341. Introduction to real-time modelling \nlanguages. Introduction to embedded systems design using a unified view of \nsoftware and hardware. Processor technologies: general purpose, single purpose, \napplication-specific. Memory. Interfacing. Design technologies: \nhardware-software co-design/co-synthesis/co-simulation. Real-time debugging and \nmonitoring techniques. Real-time communication protocols. Introduction to clock \nsynchronization and group communication techniques. A multi-component project \nprovides a hands-on experience in designing, implementing, and testing a \nreal-time embedded system. Lectures: three hours per week. Laboratory: 30 hours \ntotal.\n\n',NULL),(7190,'COEN','451','VLSI DESIGN I               ',4,'VLSI Circuit Design \n\nPrerequisite: COEN 312 or COMP 327; ELEC 311. Analysis and design of electronic \ncircuits using Very Large Scale Integration (VLSI) technologies. Physical design \nof MOS digital circuits. CMOS circuit schematic and layout. CMOS processing \ntechnology, design rules and CAD issues. Physical layers and parasitic elements \nof CMOS circuits. Characterization \nand performance evaluation. Constraints on speed, power dissipation and silicon \nspace consumption. Design and implementation of CMOS logic structures, \ninterconnections and I/O structures. Circuit design project using a specified \nCMOS technology. Lectures: three hours per week. Laboratory: two hours per week.\n\n',NULL),(7191,'COEN','490','COMPUTER ENGINEERING PROJECT',4,'Capstone Computer Engineering Design Project \n\nPrerequisite: Minimum of 75 credits in BEng (Computer) or permission of the \nDepartment; ENGR 371; COEN 352, 390; ELEC 311 or SOEN 341. Students are assigned \nto groups, and work together under faculty supervision to solve a complex \ninterdisciplinary design problem &mdash; typically involving communications, control \nsystems, electromagnetics, power electronics, software design, and/or hardware \ndesign. The project fosters teamwork between group members and allows students \nto develop their project management, technical writing, and technical \npresentation skills. Tutorial: one hour per week, two terms. Equivalent \nlaboratory time: four hours per week, two terms.\nNOTE: All written documentation must follow the Concordia Form and Style \nguide. Students are responsible for obtaining this document before beginning the \nproject.\n\n',NULL),(7192,'COMP','201','INTRODUCTION TO COMPUTING   ',3,'Introduction to Computing \n\nPrerequisite: MATH 201 or equivalent. Overview of computing systems. Problem \nsolving and algorithms. Introduction to computer programming. Hardware, software \nand data storage, programming languages, data organization, program design and \ndevelopment. Lectures: three hours per week. Tutorial: one hour per week.\nNOTES: 1. Students who have received credit for COMP 218, COMP 248, or COEN \n243 may not take this course for credit.\n2. This course may not be taken for credit in the regular undergraduate programs \nin Engineering and Computer Science.\n\n',NULL),(7193,'COMP','228','SYSTEM HARDWARE             ',3,'System Hardware \n\nPrerequisite: COMP 248; MATH 203 or 209 or Cegep Mathematics 103 or NYA \npreviously or concurrently; MATH 204 or 208 or Cegep Mathematics 105 or NYC \npreviously or concurrently. Levels of system abstraction and von Neumann model. \nBasics of digital logic design. Data representation and manipulation. \nInstruction set architecture. Processor internals. Assembly language \nprogramming. Memory subsystem and cache management. I/O subsystem. Introduction \nto network organization and architecture. Lectures: three hours per week. \nTutorial: two hours per week.\nNOTE: Students who have received credit for SOEN 228 may not take this course \nfor credit.\n\n',NULL),(7194,'COMP','232','MATH. FOR COMPUTER SCIENCE  ',3,'Mathematics for Computer Science \n\nPrerequisite: MATH 203 or 209 or Cegep Mathematics 103 or NYA previously or \nconcurrently; MATH 204 or 208 or Cegep Mathematics 105 or NYC previously or \nconcurrently. Sets. Propositional logic and predicate calculus. Functions and \nrelations. Elements of number theory. Proof techniques: direct proof, indirect \nproof, proof by contradiction, proof by induction. Lectures: three hours per \nweek. Tutorial: two hours per week.\nNOTE: Students who have received credit for COMP 238 or COEN 231 may not take \nthis course for credit.\n\n',NULL),(7195,'COMP','233','PROB. & STATS. FOR COMP. SC.',3,NULL,NULL),(7196,'COMP','248','OBJ-ORIENTED PROGRAMMING I  ',3,NULL,NULL),(7197,'COMP','249','OBJ-ORIENTED PROGRAMMING II ',3,NULL,NULL),(7198,'COMP','326','COMPUTER ARCHITECTURE       ',3,NULL,NULL),(7199,'COMP','335','INTRO/THEORETICAL COMP SCI  ',3,'Introduction to Theoretical Computer Science \n\nPrerequisite: COMP 232 or COEN 231; COMP 249 or COEN 244. Finite state automata \nand regular languages. Push-down automata and context-free languages. Pumping \nlemmas. Applications to parsing. Turing machines. Undecidability and \ndecidability. Lectures: three hours per week. Tutorial: one hour per week.\n\n',NULL),(7200,'COMP','339','COMBINATORICS               ',3,'Combinatorics \n\nPrerequisite: COMP 232 or 18 credits in post-Cegep Mathematics. General \nprinciples of counting, permutations, combinations, identities, partitions, \ngenerating functions, Fibonacci numbers, Stirling numbers, Catalan numbers, \nprinciple of inclusion-exclusion. Graphs, sub-graphs, isomorphism, Euler graphs, \nHamilton paths and cycles, planar graphs, Kuratowskis Theorem, trees, \ncolouring, 5-colour theorem, matching, Halls theorem.\nNOTE: Students who have received credit for MATH 339 may not take this course \nfor credit.\n\n',NULL),(7201,'COMP','345','ADVANCED PROGRAM DESIGN, C++',3,NULL,NULL),(7202,'COMP','346','OPERATING SYSTEMS           ',4,'Operating Systems \n\nPrerequisite: COMP 228 or SOEN 228; COMP 352. Fundamentals of operating system \nfunctionalities, design and implementation. Multi-programming: processes and \nthreads, context switching, queuing models and scheduling. Inter-process \ncommunication and synchronization. Principles of concurrency. Synchronization \nprimitives. Deadlock detection and recovery, prevention and avoidance schemes. \nMemory management. Device management. File systems. Protection models and \nschemes. Lectures: three hours per week. Tutorial: one hour per week. \nLaboratory: two hours per week.\nNOTE: Students who have received credit for COEN 346 may not take this course \nfor credit.\n\n',NULL),(7203,'COMP','348','PRIN./PROGRAMMING LANGUAGES ',3,'Principles of Programming Languages \n\nPrerequisite: COMP 249. Survey of programming paradigms: Imperative, functional, \nand logic programming. Issues in the design and implementation of programming \nlanguages. Declaration models: binding, visibility, and scope. Type systems, \nincluding static and dynamic typing. Parameter passing mechanisms. Hybrid \nlanguage design. Lectures: three hours per week. Tutorial: one hour per week.\n\n',NULL),(7204,'COMP','352','DATA STRUCTURES + ALGORITHMS',3,'Data Structures and Algorithms \n\nPrerequisite: COMP 232 or COEN 231; COMP 249 or BCEE 231. Abstract data types: \nstacks and queues, trees, priority queues, dictionaries. Data structures: \narrays, linked lists, heaps, hash tables, search trees. Design and analysis of \nalgorithms: asymptotic notation, recursive algorithms, searching and sorting, \ntree traversal, graph algorithms. Lectures: three hours per week. Tutorial: one \nhour per week.\nNOTE: Students who have received credit for COEN 352 may not take this course \nfor credit.\n\n',NULL),(7205,'COMP','353','DATABASES                   ',4,'Databases \n\nPrerequisite: COMP 352 or COEN 352. Introduction to database management systems. \nConceptual database design: the entity-relationship model. The relational data \nmodel and relational algebra: functional dependencies and normalization. The SQL \nlanguage and its application in defining, querying, and updating databases; \nintegrity constraints; triggers. Developing database applications. Other data \nmodels: Datalog. Object-oriented data model and ODL. Semi-structured data. \nProject. Lectures: three hours per week. Tutorial: one hour per week. \nLaboratory: two hours per week.\nNOTE: Students who have received credit for COMP 318 may not take this course \nfor credit.',NULL),(7206,'COMP','354','SOFTWARE ENGINEERING I      ',4,'Introduction to Software Engineering \n\nPrerequisite: COMP 352; ENCS 282. Software development process models (e.g. \nlinear vs. iterative). Project management; roles, activities and deliverables \nfor each software life cycle phase. Requirements management: analysis, \nelicitation, and scope. Architecture, design and the mapping of requirements to \ndesign and design to implementation. Traceability. Software quality assurance: \nverification, validation and the role of testing. Maintenance and evolution. \nProject. Lectures: three hours per week. Tutorial: one hour per week. \nLaboratory: two hours per week.\nNOTES: 1. Students who have received credit for SOEN 341 may not take this \ncourse for credit.\n2. Students in the BEng in Software Engineering program may not take this course \nfor credit.\n\n',NULL),(7207,'COMP','361','ELEMENTARY NUMERICAL METHODS',3,'Elementary Numerical Methods \n\nPrerequisite: COMP 232, 249. Vector and matrix norms. Numerical methods for \nsolving linear systems, Gaussian elimination, LU decomposition, error analysis. \nNumerical solution of nonlinear equations, Newtons method, fixed point \niterations. Interpolation and approximation, Taylor, Lagrange, Chebyshev and \nLegendre polynomials. Cubic spline interpolation. Numerical differentiation, \nnumerical integration, Gauss quadrature. Discrete least-squares approximation. \nInitial value problems in ordinary differential equations, stiff differential \nequations. Boundary value problems in ordinary differential equations. Lectures: \nthree hours per week. Tutorial: one hour per week.\nNOTE: Students who have received credit for ENGR 391 or MAST 334 may not take \nthis course for credit.\n\n',NULL),(7208,'COMP','367','TECH./SYMBOLIC COMPUTATIONS ',3,'Techniques in Symbolic Computation \n\nPrerequisite: COMP 232 or MAST 217; COMP 248 or MAST 234. Symbolic computation \nand its use in pure and applied mathematics, in particular in algebra, number \ntheory, cryptography, coding theory, and combinatorics. Programming in a \nsymbolic computing system (e.g. MAPLE).\nNOTE: Students who have received credit for MAST 332 may not take this course \nfor credit.\n\n',NULL),(7209,'COMP','371','COMPUTER GRAPHICS           ',4,'Computer Graphics \n\nPrerequisite: COMP 345 previously or concurrently or COEN 244; COMP 352 or COEN \n352. Introduction to computer graphics and graphics hardware. Introduction to \ngraphics API and graphics systems architecture. Mathematics of 2D and 3D \ntransformations, and 2D and 3D viewing. Colour and basic rendering algorithms. \nVisual realism and visibility. Illumination and shading, global illumination \ntechniques, and textures. Introduction to curves and surfaces, and 3D object \nmodelling. Introduction to computer animation. Project. Lectures: three hours \nper week. Laboratory: two hours per week.\nNOTE: Students who have received credit for COMP 471 may not take this course \nfor credit.',NULL),(7210,'COMP','426','MULTICORE PROGRAMMING       ',4,'Multicore Programming \n\nPrerequisite: COMP 346 or COEN 346. Fundamental concepts of computer \narchitecture. Architecture of the selected multicore platform. Review of \nshared-memory parallel programming. The difficulties inherent to parallel \nprogramming. Scalability of programming models. The stream programming model for \nmulticore. Implicit and explicit threading. Implicit and explicit orchestration \nof data movement, both on chip and off. Adapting standard algorithms to \nmulticore. Critical assessment of the available system-software support. \nProject. Lectures: three hours per week. Laboratory: two hours per week.\n\n',NULL),(7211,'COMP','428','PARALLEL PROGRAMMING        ',4,'Parallel Programming \n\nPrerequisite: COMP 346. Parallel programming techniques as a natural extension \nto sequential programming. Overview of parallel programming architectures and \nmodels. Parallel programming issues: locality, granularity, scheduling, data \ndecomposition and distribution, load balancing, communication and \nsynchronization, determinacy and non-determinacy, cost and performance. \nTechniques and tools for message-passing parallel programming. Case studies. \nProject. Lectures: three hours per week. Tutorial: one hour per week. \nLaboratory: two hours per week.\n\n',NULL),(7212,'COMP','442','COMPILER DESIGN             ',4,'Compiler Design \n\nPrerequisite: COMP 228 or SOEN 228 or COEN 311; COMP 335; COMP 352 or COEN 352. \nCompiler organization and implementation: lexical analysis and parsing, \nsyntax-directed translation, code optimization. Run-time systems. Project. \nLectures: three hours per week. Laboratory: two hours per week.\n\n',NULL),(7213,'COMP','451','DATABASE DESIGN             ',4,NULL,NULL),(7214,'COMP','465','DESIGN+ANALYSIS/ALGORITHMS  ',3,'Design and Analysis of Algorithms \n\nPrerequisite: COMP 335; COMP 352 or COEN 352. Order statistics: worst-case, \naverage-case and amortized analysis. Algorithm design techniques: greedy \nalgorithms, dynamic programming. Selected algorithms from graph theory, linear \nprogramming, number theory, string matching, and computational geometry. A \nsurvey of hard problems, NP-completeness, and approximation algorithms. \nLectures: three hours per week.\n\n',NULL),(7215,'COMP','472','ARTIFICIAL INTELLEGENCE     ',4,'Artificial Intelligence \n\nPrerequisite: COMP 352 or COEN 352. Scope of AI. First-order logic. Automated \nreasoning. Search and heuristic search. Game-playing. Planning. Knowledge \nrepresentation. Probabilistic reasoning. Introduction to machine learning. \nIntroduction to natural language processing. Project. Lectures: three hours per \nweek. Laboratory: two hours per week.\n\n',NULL),(7216,'COMP','474','INTRODUCTION/EXPERT SYSTEMS ',4,'Intelligent Systems \n\nPrerequisite: COMP 352 or COEN 352. Rule-based expert systems, blackboard \narchitecture, and agent-based. Knowledge acquisition and representation. \nUncertainty and conflict resolution. Reasoning and explanation. Design of \nintelligent systems. Project. Lectures: three hours per week. Laboratory: two \nhours per week.\n\n',NULL),(7217,'COMP','476','ADVANCED GAME DEVELOPMENT   ',4,NULL,NULL),(7218,'COMP','477','ANIMATION FOR COMPUTER GAMES',4,NULL,NULL),(7219,'COMP','490','COMPUTER SCIENCE PROJECT I  ',3,'Computer Science Project I \n\nPrerequisite: ENCS 282; completion of 60 credits; permission of the Department. \nStudents will work on a computer science project under the supervision of a \nfaculty member and submit a suitable written report on the work carried out. \nStudents planning to register for this course should consult with the Department \nprior to registration in the final year of study.\nNOTE: Students can register for COMP 490 by itself or, with the permission of \nthe Department, students can register for COMP 490 and 492 concurrently and \ncarry out a major project.\n\n',NULL),(7220,'COMP','492','COMPUTER SCIENCE PROJECT II ',3,'Computer Science Project II \n\nPrerequisite: COMP 490 previously or concurrently; permission of the Department. \nStudents will work on a computer science project under the supervision of a \nfaculty member and submit a suitable written report on the work carried out. \nStudents planning to register for this course should consult with the Department \nprior to registration in their final year of study.\nNOTE: Students can register for COMP 492 by itself or, with the permission of \nthe Department, students can register for COMP 490 and 492 concurrently and \ncarry out a major project.\n\n',NULL),(7221,'COMP','495','HONOURS SEMINAR             ',1,NULL,NULL),(7222,'CWTC','100','COOP WORK TERM 1 (COMP)     ',0,NULL,NULL),(7223,'CWTC','101','REFLECTIVE LEARNING I       ',3,NULL,NULL),(7224,'CWTC','200','COOP WORK TERM 2 (COMP)     ',0,NULL,NULL),(7225,'CWTC','201','REFLECTIVE LEARNING II      ',3,NULL,NULL),(7226,'CWTC','300','COOP WORK TERM 3 (COMP)     ',0,NULL,NULL),(7227,'CWTC','301','REFLECTIVE LEARNING III     ',3,NULL,NULL),(7228,'CWTC','400','COOP WORK TERM 4 (COMP)     ',0,NULL,NULL),(7229,'CWTC','401','REFLECTIVE LEARNING IV      ',3,NULL,NULL),(7230,'CWTE','100','COOP WORK TERM 1 (ENGR)     ',0,NULL,NULL),(7231,'CWTE','101','REFLECTIVE LEARNING I       ',3,NULL,NULL),(7232,'CWTE','200','COOP WORK TERM 2 (ENGR)     ',0,NULL,NULL),(7233,'CWTE','201','REFLECTIVE LEARNING II      ',3,NULL,NULL),(7234,'CWTE','300','COOP WORK TERM 3 (ENGR)     ',0,NULL,NULL),(7235,'CWTE','301','REFLECTIVE LEARNING III     ',3,NULL,NULL),(7236,'CWTE','400','COOP WORK TERM 4 (ENGR)     ',0,NULL,NULL),(7237,'CWTE','401','REFLECTIVE LEARNING IV      ',3,NULL,NULL),(7238,'ELEC','251','FUNDMNTL/APPLI ELECTROMAGNET',3,'Fundamentals of Applied Electromagnetics \n\nPrerequisite: ELEC 273 or ENGR 273; ENGR 233 previously or concurrently. \nElectric charge, Coulombs law, electrostatic forces, electric field, Gauss \nlaw, electric potential, stored energy. Dielectrics, properties of materials in \nelectric fields. Electric current, conduction in a vacuum and in material media, \ndisplacement current, magnetic field of a current, force on a current-carrying \nwire, magnetic induction, electromotive force, energy stored in a magnetic \nfield. Magnetism in material media, magnetic circuits. Time-varying fields. \nCapacitance, resistance, inductance, elements of electric circuits. Lectures: \nthree hours per week. Tutorial: one hour per week.\n',NULL),(7239,'ELEC','264','SIGNALS AND SYSTEMS I       ',3,'Signals and Systems I \n\nPrerequisite: ELEC 273; ENGR 213. Continuous-time and discrete-time signals and \nsystems. Linear Time Invariant (LTI) systems. Convolution-sum and \nconvolution-integral representation of systems. Causal LTI systems. Fourier \nseries representation of continuous-time and discrete-time periodic signals. \nFilters described by differential or difference equations. The continuous-time \nFourier transform. Systems based on linear constant-coefficient differential \nequations. The discrete-time Fourier transform. Systems based on linear \nconstant-coefficient difference equations. Computer-based simulation. Lectures: \nthree hours per week. Tutorials: two hours per week.\nNOTE: Students who have received credit for ELEC 361 may not take this course \nfor credit.\n\n',NULL),(7240,'ELEC','273','BASIC CIRCUIT ANALYSIS      ',4,NULL,NULL),(7241,'ELEC','275','PRINCIPLES OF ELEC. ENGG.   ',4,NULL,NULL),(7242,'ELEC','312','ELECTRONICS II              ',4,'Electronics II \n\nPrerequisite: ELEC 311, 364. Differential and multi-stage amplifiers: \ndifferential pair; differential gain; common-mode gain and common-mode rejection \nratio (CMRR) current mirrors. High frequency models: s-domain analysis, transfer \nfunctions; hybrid  model at high frequency; common base, common emitter, common \ndrain configurations; common gate, common source, common collector \nconfigurations; differential BJT pairs at high frequency; MOS differential pair \nat high frequency. Feedback: general feedback structure; properties of negative \nfeedback; the four basic feedback configurations: series-shunt, series-series, \nshunt-series; loop gain and stability problems; effect of feedback on amplifier \npoles; bode plots and frequency compensation. Power amplifiers: classification \nand output stages; class A, B, C, and AB amplifiers; biasing the class AB \namplifier; variations on the class AB configuration; IC power amplifiers and MOS \npower transistors. Introduction to filters and oscillators. Lectures: three \nhours per week. Tutorial: one hour per week. Laboratory: 30 hours total.\n\n',NULL),(7243,'ELEC','321','INTRO/SEMICONDUCT.MAT+DEVS  ',4,NULL,NULL),(7244,'ELEC','353','TRANSM.LI.CIRC.CELEC-MAG WAV',3,NULL,NULL),(7245,'ELEC','363','FUND. OF TELECOMM. SYSTEMS  ',4,NULL,NULL),(7246,'ELEC','365','CPLX. VAR. & PART. DIFF. EQU',3,NULL,NULL),(7247,'ELEC','370','MODEL+ANALYSIS/PHYS.SYSTEMS ',4,NULL,NULL),(7248,'ELEC','372','FUNDAMENTALS/CONTROL SYSTEMS',4,NULL,NULL),(7249,'ELEC','390','ELEC. ENG. TEAM DESIGN PROJ.',3,'Electrical Engineering Team Design Project \n\nPrerequisite: Minimum of 45 credits in BEng (Electrical); COEN 244; ELEC 311; \nENCS 282; ENGR 301. The Team Design Project introduces students to teamwork, \nproject management, engineering design for a complex problem, technical writing \nand technical presentation in a team environment. Students will be assigned to \nteams and each team will design and build a device defined by the Department. \nStudents will present their design and demonstrate that their device works in a \ncompetition at the end of the term. Tutorial: two hours per week. Equivalent \nlaboratory time: six hours per week.\nNOTE: All written documentation must follow the Concordia Form and Style \nguide. Students are responsible for obtaining this document before beginning the \nproject.\n\n',NULL),(7250,'ELEC','424','VLSI PROCESS TECHNOLOGY     ',4,NULL,NULL),(7251,'ELEC','430','APPAREILLAGE ELECTRIQUE     ',4,NULL,NULL),(7252,'ELEC','434','COMPORTMENT DES RESEAU ELEC.',4,NULL,NULL),(7253,'ELEC','436','PROTECTION DES RESEAU ELEC. ',4,NULL,NULL),(7254,'ELEC','438','ELECTRICITE INDUSTRIELLE    ',4,NULL,NULL),(7255,'ELEC','439','HY ELEC V PWR SYS DSGN & CTR',3,NULL,NULL),(7256,'ELEC','442','DIGITAL SIGNAL PROCESSING   ',4,NULL,NULL),(7257,'ELEC','462','DIGITAL TRANSMISSION SYSTEMS',4,NULL,NULL),(7258,'ELEC','463','TELECOMMUNICATION NETWORKS  ',3,'Telecommunication Networks \n\nPrerequisite: ELEC 363. Communication networks and services; introduction to \nlayered network architectures; transmission systems and the telephone network: \nmultiplexing, circuit switches, routing and signalling; peer-to-peer protocols: \nARQ protocols, data-link controls, packet multiplexing; multiple access \ncommunications: Aloha, CSMA, reservation schemes, polling, token-passing ring, \nLAN standards, LAN bridges; packet-switching networks: datagrams and virtual \ncircuits; TCP/IP architecture: Internet protocol, transmission control protocol. \nLectures: three hours per week.\nNOTE: Students who have received credit for COEN 445 may not take this course \nfor credit.\n\n',NULL),(7259,'ELEC','464','WIRELESS COMMUNICATIONS     ',3,'Wireless Communications \n\nPrerequisite: ELEC 462. Review of modulation \nand error control coding. Modulation vs. coding trade-off, communications link \nanalysis. Introduction to cellular systems: frequency reuse, trunking and grade \nof services, sectoring and cell splitting, coverage and capacity. Modulation \ntechniques for mobile communications. Mobile radio channels. Spread-spectrum \ntechniques. Multiplexing and multiple access techniques. Wireless and cordless \nstandards. Lectures: three hours per week.\n\n',NULL),(7260,'ELEC','465','NETWORKS SECURITY+MGMT      ',4,NULL,NULL),(7261,'ELEC','482','SYSTEM OPTIMIZATION         ',4,NULL,NULL),(7262,'ELEC','483','REALTIME COMP.CONTROL SYST. ',4,NULL,NULL),(7263,'ELEC','490','ELECTRICAL ENGR. PROJECT    ',4,NULL,NULL),(7264,'ENCS','272','COMP.& ARGUMENTATION FOR ENG',3,'Composition and Argumentation for Engineers \n\nPrerequisite: Completion of all ESL courses required on admission. \nFundamentals of English composition and argumentation: grammar; reasoning and \npersuasion; persuasive proofs; argumentation; structuring and outlining; the \nproblem statement; the body; and the conclusions. Language and persuasion for \neffective communication in professional engineering. Cultivation of a writing \nstyle firmly based on clear and critical thinking skills. Lectures: three hours \nper week. Tutorial: one hour per week.\nNOTE: Students who pass this course with C- or higher will fulfil the Faculty \nWriting Skills Requirement, and will be eligible to enrol in ENCS 282.\n\n',NULL),(7265,'ENCS','282','TECH. WRITING + COMMUNIC N. ',3,'Technical Writing and Communication \n\nPrerequisite: Students must have satisfied the requirements in 71.20.7 by \npassing the Engineering Writing Test (EWT), or by passing ENCS 272 with a grade \nof C- or higher. Technical writing form and style. Technical and scientific \npapers, abstracts, reports. Library research and referencing methods for \nengineers and computer scientists. Technical communication using information \ntechnology: document processing software, computer-assisted presentation, \nanalysis and design of Web presentation, choice and use of appropriate tools. \nStudents will prepare an individual major report and make an oral presentation. \nLectures: three hours per week. Tutorial: two hours per week.\nNOTE: Students who have received credit for ENCS 281 may not take this course \nfor credit.\n\n',NULL),(7266,'ENCS','283','INN.&CRITICL THKNG SCI&TECH ',3,NULL,NULL),(7267,'ENCS','393','SOC/ETH DIM INFO/COMM TECH  ',3,NULL,NULL),(7268,'ENGR','201','PROFESS L. PRACTICE+RESPONS.',2,NULL,NULL),(7269,'ENGR','202','SUSTAIN.DEV.+ENVIRO.STEWART.',2,NULL,NULL),(7270,'ENGR','213','APP.ORDINARY DIFF.EQUATIONS ',3,'Applied Ordinary Differential Equations \n\nPrerequisite: MATH 204 (Cegep Mathematics 105) previously or concurrently; MATH \n205 (Cegep Mathematics 203). This course introduces engineering students to the \ntheory and application of ordinary differential equations. Definition and \nterminology, initial-value problems, separable differential equations, linear \nequations, exact equations, solutions by substitution, linear models, orthogonal \ntrajectories, complex numbers, form of complex numbers: powers and roots, \ntheory: linear equations, homogeneous linear equations with constant \ncoefficients, undetermined coefficients, variation of parameters, Cauchy-Euler \nequation, reduction of order, linear models: initial value, review of power \nseries, power series solutions, theory, homogeneous linear systems, solution by \ndiagonalisation, non-homogeneous linear systems. Eigenvalues and eigenvectors. \nLectures: three hours per week. Tutorial: two hours per week.\nNOTE: Students who have received credit for EMAT 212 or 213 may not take this \ncourse for credit.\n\n',NULL),(7271,'ENGR','233','APPLIED ADVANCED CALCULUS   ',3,'Applied Advanced Calculus \n\nPrerequisite: MATH 204 (Cegep Mathematics 105); MATH 205 (Cegep Mathematics \n203). This course introduces engineering students to the theory and application \nof advanced calculus. Functions of several variables, partial derivatives, total \nand exact differentials, approximations with differentials. Tangent plane and \nnormal line to a surface, directional derivatives, gradient. Double and triple \nintegrals. Polar, cylindrical, and spherical coordinates. Change of variables in \ndouble and triple integrals. Vector differential calculus; divergence, curl, \ncurvature, line integrals, Greens theorem, surface integrals, divergence \ntheorem, applications of divergence theorem, Stokes theorem. Lectures: three \nhours per week. Tutorial: two hours per week.\nNOTE: Students who have received credit for EMAT 232 or 233 may not take this \ncourse for credit.\n\n',NULL),(7272,'ENGR','242','STATICS                     ',3,'Statics \n\nPrerequisite: ENGR 213 previously or concurrently; PHYS 204; MATH 204. Resultant \nof force systems; equilibrium of particles and rigid bodies; distributed forces; \nstatically determinate systems; trusses; friction; moments of inertia; virtual \nwork. Shear and bending moment diagrams. Lectures: three hours per week. \nTutorial: two hours per week.\n\n',NULL),(7273,'ENGR','243','DYNAMICS                    ',3,'Dynamics \n\nPrerequisite: ENGR 213, 242. Kinematics of a particle and rigid body; forces and \naccelerations; work and energy; impulse and momentum; dynamics of a system of \nparticles and rigid bodies, introduction to vibrations. Lectures: three hours \nper week. Tutorial: two hours per week.\n\n',NULL),(7274,'ENGR','244','MECHANICS OF MATERIALS      ',4,NULL,NULL),(7275,'ENGR','245','MECHANICAL ANALYSIS         ',3,'Mechanical Analysis \n\nPrerequisite: PHYS 204; ENGR 213 previously or concurrently. Forces in a plane \nand in space, moments of forces, Varignons theorem, rigid bodies in \nequilibrium, free-body diagram. Centroids, centres of gravity. Distributed \nforces, moments of inertia. Principle of virtual work. Kinematics of particles \nand rigid bodies. Forces and accelerations; work and energy; impulse and \nmomentum. Kinetics of particles and rigid bodies. Lectures: three hours per \nweek. Tutorial: one hour per week.\nNOTE: Students who have received credit for ENCS 245 may not take this course \nfor credit.\n\n',NULL),(7276,'ENGR','251','THERMODYNAMICS I            ',3,'Thermodynamics I \n\nPrerequisite: MATH 203 (Cegep Mathematics 103). Basic principles of \nthermodynamics and their application to various systems composed of pure \nsubstances and their homogeneous non-reactive mixtures. Simple power production \nand utilization cycles. Lectures: three hours per week. Tutorial: two hours per \nweek.\n\n',NULL),(7277,'ENGR','301','ENGR.MGMT.PRINCIP.+ECONOMICS',3,NULL,NULL),(7278,'ENGR','361','FLUID MECHANICS I           ',3,'Fluid Mechanics I \n\nPrerequisite: ENGR 213, 233, 251. Basic concepts and principles of fluid \nmechanics. Classification of fluid flow. Hydrostatic forces on plane and curved \nsurfaces, buoyancy and stability, fluids in rigid body motion. Mass, momentum, \nand energy conservation integral equations. Bernoulli equation. Basic concepts \nof pipe and duct flow. Introduction to Navier-Stokes equations. Similarity and \nmodel studies. Lectures: three hours per week. Tutorial: one hour per week.\n\n',NULL),(7279,'ENGR','371','PROBABILITY+STATISTICS/ENGR.',3,'Probability and Statistics in Engineering \n\nPrerequisite: ENGR 213, 233. Axioms of probability theory. Events. Conditional \nprobability. Bayes theorem. Random variables. Mathematical expectation. Discrete \nand continuous probability density functions. Transformation of variables. \nProbabilistic models, statistics, and elements of hypothesis testing (sampling \ndistributions and interval estimation). Introduction to statistical quality \ncontrol. Applications to engineering problems. Lectures: three hours per week. \nTutorial: one hour per week.\n\n',NULL),(7280,'ENGR','391','NUMERICAL METHODS IN ENGR   ',3,'Numerical Methods in Engineering \n\nPrerequisite: ENGR 213, 233; COMP 248 or COEN 243 or MECH 215 or BCEE 232. Roots \nof algebraic and transcendental equations; function approximation; numerical \ndifferentiation; numerical integration; solution of simultaneous algebraic \nequations; numerical integration of ordinary differential equations. Lectures: \nthree hours per week. Tutorial: one hour per week.\nNOTE: Students who have received credit for EMAT 391 may not take this course \nfor credit.\n\n',NULL),(7281,'ENGR','392','IMPACT/TECHNOLOGY ON SOCIETY',3,'Impact of Technology on Society \n\nPrerequisite: ENCS 282; ENGR 201, 202. Social history of technology and of \nscience including the industrial revolution and modern times. Engineering and \nscientific creativity, social and environmental problems created by uncontrolled \ntechnology, appropriate technology. Lectures: three hours per week.\nNOTE: Students who have received credit for ENGR 492 may not take this course \nfor credit.\n\n',NULL),(7282,'ENGR','410','TECHNICAL REPORT            ',2,NULL,NULL),(7283,'ENGR','411','SPECIAL TECHNICAL REPORT    ',1,NULL,NULL),(7284,'IADI','301','U/G AEROSPACE INDUS Y PROJ 1',0,NULL,NULL),(7285,'IADI','401','U/G AEROSPACE INDUS Y PROJ 2',0,NULL,NULL),(7286,'INDU','321','LEAN MANUFACTURING          ',3,'Lean Manufacturing \n\nPrerequisite: INDU 320. Lean fundamentals; lean manufacturing; lean engineering; \nlean principles, tools and techniques, practices, and implementation; five Ss, \nprocess analysis/spaghetti charts, value engineering; value stream mapping; \nstandardized work/standard times; set-up reduction/line balancing; unit \nmanufacturing; cell layout/cellular manufacturing; total productive maintenance; \nkanban; lean supply chain management; transition-to-lean roadmap; \npeople/organizational issues in the lean enterprise; Six Sigma; TOM; agile \nmanufacturing. Lectures: three hours per week.\nNOTE: Students who have received credit for INDU 420 may not take this course \nfor credit.\n\n',NULL),(7287,'INDU','323','INDUSTRIAL OPERATIONAL RESE.',3,'Operations Research I \n\nPrerequisite: ENGR 213, 233. An introduction to deterministic mathematical \nmodels with emphasis on linear programming. Applications to production, \nlogistics, and service systems. Computer solution of optimization problems. \nLectures: three hours per week. Tutorial: one hour per week.\n\n',NULL),(7288,'INDU','371','STOCHASTIC MODELS IN I E    ',3,'Stochastic Models in Industrial Engineering \n\nPrerequisite: ENGR 371. Overview of probability theory; probability \ndistributions; exponential model and Poisson process; discrete-time and \ncontinuous-time Markov chains; classification of states; birth and death \nprocesses; queuing theory. Application to industrial engineering problems. \nLectures: three hours per week.\nNOTE: Students who have received credit for INDU 471 may not take this course \nfor credit.\n\n',NULL),(7289,'INDU','372','QUALITY CONTROL+RELIABILITY ',3,'Quality Control and Reliability \n\nPrerequisite: ENGR 371. Importance of quality; total quality management; \nstatistical concepts relevant to process control; control charts for variables \nand attributes; sampling plans. Introduction to reliability models and \nacceptance testing; issues of standardization. Lectures: three hours per week. \nTutorial: one hour per week.\n',NULL),(7290,'INDU','410','SAFETY ENGINEERING          ',4,NULL,NULL),(7291,'INDU','411','COMPUTER INTEGRATED MFTG.   ',4,NULL,NULL),(7292,'INDU','440','PRODUCT DESIGN & DEVELOPMENT',3,'Product Design and Development \n\nPrerequisite: MECH 311. Development processes and organizations, product \nplanning, identifying customer needs, product specifications, concept \ngeneration, concept selection, concept testing, product architecture, industrial \ndesign, design for manufacturing, prototyping robust design, patents and \nintellectual property. Lectures: three hours per week.\n\n',NULL),(7293,'INDU','475','ADV. CONCEPTS/QUALITY IMPR. ',3,'Advanced Concepts in Quality Improvement \n\nPrerequisite: INDU 372. Statistical experimental design issues such as \nrandomized blocks, factorial designs at two levels, applications on factorial \ndesigns, building models, Taguchi methods. Lectures: three hours per week.\n\n',NULL),(7294,'INDU','490','CAPSTONE I.E DESIGN  PROJECT',4,NULL,NULL),(7295,'MECH','211','MECHANICAL ENGR. DRAWING    ',4,NULL,NULL),(7296,'MECH','215','PROGRAM G/MECH+INDU ENGRS I ',4,NULL,NULL),(7297,'MECH','221','MATERIALS SCIENCE           ',3,'Materials Science \n\nPrerequisite: CHEM 205 (Cegep Chemistry 101). Relationships between properties \nand internal structure, atomic bonding; molecular, crystalline and amorphous \nstructures, crystalline imperfections and mechanisms of structural change. \nMicrostructures and their development from phase diagrams. Structures and \nmechanical properties of polymers and ceramics. Thermal, optical, and magnetic \nproperties of materials. Lectures: three hours per week. Tutorial: one hour per \nweek.\n\n',NULL),(7298,'MECH','313','MACHINE DRAWING + DESIGN    ',3,'Machine Drawing and Design \n\nPrerequisite: MECH 211. Introduction to engineering design and design process. \nProblem definition, solution formulation, model development and collaboration \naspects of design process.The use of drawings and other graphical methods in the \nprocess of engineering design. Industrial standards and specifications, design \nof fits, linear and geometrical tolerances. Design projects based on design \nphilosophies will involve design and selection of many standard machine \ncomponents like mechanical drives, cams, clutches, couplings, brakes, seals, \nfasteners, springs, and bearings. Drawing representation of standard components. \nDesign projects are an integral part of this course. Lectures: three hours per \nweek. Tutorial: two hours per week.\n\n',NULL),(7299,'MECH','321','PROPERTIES+FAILURES/MATERIAL',4,NULL,NULL),(7300,'MECH','343','THEORY OF MACHINES I        ',4,NULL,NULL),(7301,'MECH','344','MACHINE ELEMENT DESIGN      ',3,NULL,NULL),(7302,'MECH','351','THERMODYNAMICS II           ',4,NULL,NULL),(7303,'MECH','361','FLUID MECHANICS II          ',4,NULL,NULL),(7304,'MECH','370','MODELLING, SIM. & CONT SYS. ',4,NULL,NULL),(7305,'MECH','371','ANALYSIS & DESIGN/CON L SYS.',4,NULL,NULL),(7306,'MECH','375','MECHANICAL VIBRATIONS       ',4,NULL,NULL),(7307,'MECH','390','MECH. ENG. DESIGN PROJECT   ',3,'Mechanical Engineering Design Project \n\nPrerequisite: MECH 311, 343; MECH 344 previously or concurrently. The design \nprocess; product cost, quality and time to market, open and concept design \nproblems, problem description. Geometric and type synthesis. Direct and inverse \ndesign problems. Material selection and load determination. Mathematical \nmodelling, analysis, and validation. Introduction to Computer-Aided Design and \nEngineering (CAD and CAE). Product evaluation for performance, tolerance, cost, \nmanufacture, assembly, and other measures. Design documentation. A team-based \ndesign project is an intrinsic part of this course. Lectures: three hours per \nweek. Tutorial: two hours per week.\n\n',NULL),(7308,'MECH','414','COMP NUMERIC Y CNTRLD MACH G',4,NULL,NULL),(7309,'MECH','421','MECH.SHAPING/METALS+PLASTICS',4,NULL,NULL),(7310,'MECH','422','MECH BEHAV/POLYMER COMP MAT ',3,NULL,NULL),(7311,'MECH','424','DES+FABR.MICROSYST.+DEVICES ',4,NULL,NULL),(7312,'MECH','426','STRESS+FAILURE ANALYSIS/MACH',3,'Stress and Failure Analysis of Machinery \n\nPrerequisite: ENGR 244. Analysis of stresses, strains and deformations in \nmachine elements; non-symmetric bending of beams; shear centre for thin-walled \nbeams; curved beams; torsion of non-circular shafts and tubes; thick wall \ncylinders; plates and shells; contact elements; stress concentrations; energy \nmethods; failure modes, analysis and prevention; buckling, fracture, fatigue and \ncreep. Lectures: three hours per week.\n\n',NULL),(7313,'MECH','448','VEHICLE DYNAMICS            ',3,'Vehicle Dynamics \n\nPrerequisite: MECH 447 previously or concurrently. Tire-terrain interactions; \nside-slip, cornering and aligning properties of tires; camber angle and camber \ntorque; estimation of braking/tractive and cornering forces of tires; \nsteady-state handling of road vehicles; steering response and directional \nstability; handling and directional response of vehicles with multiple steerable \naxles; handling of articulated vehicles; handling and directional response of \ntracked and wheeled off-road vehicles; directional response to simultaneous \nbraking and steering. Lectures: three hours per week.\n\n',NULL),(7314,'MECH','452','HEAT TRANSFER II            ',4,NULL,NULL),(7315,'MECH','453','HEATING VENTILATION SYSTEMS ',3,NULL,NULL),(7316,'MECH','454','VEHICULAR INTER.COMB.ENGINES',3,'Vehicular Internal Combustion Engines \n\nPrerequisite: MECH 351, 361. Mechanical design of vehicular engines for \ndifferent applications. Gas exchange and combustion engine processes. Combustion \nchambers design. Fuels for vehicular engines. Fuel supply, ignition and control \nsystems. Cooling and lubrication of engines. Emissions formation and control. \nEngines operational characteristics &mdash; matching with vehicles. Enhancement of \nengine performance. Engine testing. Environmental impact of vehicular engines on \nglobal pollution. Recent developments in energy efficient and &quot;clean&quot; engines. \nDesign or calculation project of vehicular engine.\n\n',NULL),(7317,'MECH','460','FINITE ELEMENT ANALYSIS     ',4,NULL,NULL),(7318,'MECH','463','FLUID POWER CONTROL         ',4,NULL,NULL),(7319,'MECH','464','AERODYNAMICS                ',3,'Aerodynamics \n\nPrerequisite: MECH 361. Flow conservation equations, incompressible Navier-Stokes \nequations, inviscid irrotational and rotational flows: the Euler equations, the \npotential and stream function equations. Dynamics of an incompressible inviscid \nflow field: the Kelvin, Stokes, and Helmholtz theorems. Elementary flows and \ntheir superposition, panel method for non-lifting bodies. Airfoil and wing \ncharacteristics, aerodynamic forces and moments coefficients. Incompressible \nflows around thin airfoils, Biot-Savart law, vortex sheets. Incompressible flow \naround thick airfoils, the panel method for lifting bodies. Incompressible flow \naround wings, Prandtls lifting line theory, induced angle and down-wash, \nunswept wings, swept wings. Compressible subsonic flow: linearized theory, \nPrandlt-Glauert equation and other compressibility correction rules, the area \nrule. Transonic flow: Von Karmans ransonic small disturbance equation, \ntransonic full potential equation, super-critical airfoils. Lectures: three \nhours per week.\n\n',NULL),(7320,'MECH','465','GAS TURBINE DESIGN          ',4,NULL,NULL),(7321,'MECH','471','MICROPROCESS + APPLICATIONS ',4,NULL,NULL),(7322,'MECH','472','MECHATRONICS AND AUTOMATION ',4,NULL,NULL),(7323,'MECH','474','MECHATRONICS                ',4,NULL,NULL),(7324,'SOEN','228','SYSTEM HARDWARE             ',4,'System Hardware \n\nPrerequisite: MATH 203 or 209 or Cegep Mathematics 103, MATH 204 or 208 or Cegep \nMathematics 105. Processor structure, Data and Instructions, Instruction Set \nProcessor (ISP) level view of computer hardware, assembly language level use. \nMemory systems &mdash; RAM and disks, hierarchy of memories. I/O organization, I/O \ndevices and their diversity, their interconnection to CPU and Memory. \nCommunication between computers at the physical level. Networks and computers. \nLectures: three hours per week. Tutorial: two hours per week. Laboratory: two \nhours per week.\nNOTE: Students who have received credit for COMP 228 may not take this course \nfor credit.\n\n',NULL),(7325,'SOEN','287','INTRO. TO WEB APPLICATIONS  ',3,'Introduction to Web Applications \n\nPrerequisite: COMP 248. Internet architecture and protocols. Web applications \nthrough clients and servers. Markup languages. Client-side programming using \nscripting languages. Static website contents and dynamic page generation through \nserver-side programming. Preserving state (client-side) in Web applications. \nUsing query languages to access server-side data. Lectures: three hours per \nweek. Tutorial: two hours per week.\n\n',NULL),(7326,'SOEN','341','SOFTWARE PROCESS            ',3,'Software Process \n\nPrerequisite: COMP 228 or SOEN 228 or COEN 311; COMP 352 or COEN 352; SOEN 282 \nor ENCS 282 previously or concurrently. Basic principles of software \nengineering. Introduction to software process models. Activities in each phase, \nincluding review activities. Working in teams: organization; stages of \nformation; roles; conflict resolution. Notations used in software documentation. \nHow to review, revise, and improve software documentation. Lectures: three hours \nper week. Tutorial: one hour per week.\nNOTE: Students who have received credit for COMP 354 may not take this course \nfor credit.\n\n',NULL),(7327,'SOEN','344','S.W. ARCHITECURE & DESIGN II',3,'Software Architecture and Design II \n\nPrerequisite: SOEN 343. Architectural activities, roles, and deliverables. \nArchitectural view models. Architectural styles (including client-server, \nlayered, pipes-and-filters, event-based, process control) and frameworks. \nArchitectural analysis and the interplay with requirements elicitation. \nNotations for expressing architectural designs, structural and behavioural \nspecifications. From architectural design to detailed design. Domain specific \narchitectures and design patterns. Evaluation and performance estimation of \ndesigns. Advanced object-oriented design patterns and idioms. Lectures: three \nhours per week. Tutorial: one hour per week.\n\n',NULL),(7328,'SOEN','345','S.W. TESTING, VERIF & QA    ',3,NULL,NULL),(7329,'SOEN','357','USER INTERFACE DESIGN       ',3,'User Interface Design \n\nPrerequisite: SOEN 342. The human side: I/O; memory; and information processing. \nInteraction: mental models; human error; interaction frame-works and paradigms. \nDirect manipulation. User interface design: principles; standards; and \nguidelines. User-centred design: standards and design rationale; heuristic \nevaluation; iterative design; and prototyping. Task-centred design. Rationalized \ndesign: usability engineering; dialogue notations; user models; diagrammatic \nnotations; and textual notations. Evaluation: with the user; without the user; \nquantitative; and qualitative. Implementation support. Help and documentation. \nLectures: three hours per week. Tutorial: one hour per week.\n\n',NULL),(7330,'SOEN','385','CONTROL SYSTEMS+APPLICATIONS',3,'Control Systems and Applications \n\nPrerequisite: ENGR 233; ELEC 275. Physical modelling: block diagrams; feedback; \nopen and closed loops. Linear differential equations; differential operators; \nfree, forced, and total response; steady-state and transient response. Laplace \ntransform and inverse transform; second-order systems. Overview of transfer \nfunctions and stability. Computer simulation of control systems. Applications to \nphysical systems: motor control; heating systems; servo systems; ship and \naircraft control. Lectures: three hours per week. Tutorial: one hour per week.\n\n',NULL),(7331,'SOEN','390','SOFTWARE ENGR. TEAM PROJECT ',4,NULL,NULL),(7332,'SOEN','422','EMBEDDED SYSTEMS/SOFTWARE   ',3,'Embedded Systems and Software \n\nPrerequisite: COMP 346. Characteristics of embedded systems. Microcontroller \narchitecture and typical target systems. Programming issues related to mixed \nlanguages. Real-time kernel services: task management; intertask communication \nand synchronization; memory management; time management; interrupt support; \nconfiguration; and initialization. Development methods: state machines and fuzzy \nlogic. Debugging methods for interrupts. Testing and simulation methods. \nLectures: three hours per week.\nNOTE: Students who have received credit for COEN 421 may not take this course \nfor credit.\n\n',NULL),(7333,'SOEN','448','MANAGEMENT/EVOLVING SYSTEMS ',3,'Management of Evolving Systems \n\nPrerequisite: SOEN 342, 343, 344. Software maintenance: corrective; perfective; \nand adaptive. Software reuse; construction of reusable software. Techniques for \nreverse engineering and re-engineering software. Software development as \n&quot;growing&quot; software. Long-term evolution of software systems. Legacy systems. \nLectures: three hours per week.\n\n',NULL),(7334,'SOEN','487','WEB SERVICES & APPLICATIONS ',4,'Web Services and Applications \n\nPrerequisite: SOEN 387 previously or concurrently. Analysis and design of Web \nservices and applications. Advanced architectures for the design, deployment, \nand testing of large multi-server Web services and applications. Service \nOriented Architecture (SOA). Electronic Commerce. Security. Load balancing. \nStress testing. Lectures: three hours per week. Tutorial: one hour per week. \nLaboratory: two hours per week.\n\n',NULL),(7335,'SOEN','490','CAPSTONE SW ENGR DESIGN PROJ',4,'Capstone Software Engineering Design Project \n\nPrerequisite: SOEN 390. Students will work in teams of between six and nine \nmembers to construct a significant software application. The class will meet at \nregular intervals. Team members will give a presentation of their contribution \nto the project. Lectures: one hour per week. Laboratory: two hours per week. Two \nterms.\n\n',NULL),(7336,'MATH','204','',0,NULL,NULL),(7337,'BCEE','342','Structural Analysis I',2,'Structural Analysis I \n\nPrerequisite: ENGR 244 previously or concurrently. Analysis of statically \ndeterminate structures: deflections, strain energy concepts, virtual work \nprinciples. Mueller Breslau principle, influence lines. Approximate methods for \nstatically indeterminate structures. Collapse load analysis. Computer \napplications. Lectures: two hours per week. Tutorial: one hour per week.\nNOTE: Students who have received credit for ENGR 342 may not take this course \nfor credit.\n\n',NULL),(7338,'BLDG','341','Building Engineering Systems',3,'Building Engineering Systems \n\nPrerequisite: BCEE 231 previously or concurrently. Introduction to systematic \nsolution of building engineering problems. Techniques treated include linear \nprogramming, network analysis, nonlinear programming. Introduction to decision \nanalysis and simulation. Application of optimization methods for solution of \ndesign problems in building science, building environment, building structures, \nand construction management, taking into account sustainability issues. \nLectures: three hours per week.\n\n',NULL),(7339,'Buil','282','',0,NULL,NULL),(7340,'BCEE','344','Structural Design I',3,'Structural Design I \n\nPrerequisite: BCEE 342 previously or concurrently. Basis for limit states \ndesign. Code requirements. Structural steel design: tension and compression \nmembers, beams and beam-columns. Connections. Introduction to the design of \ntimber members. Lectures: three hours per week. Tutorial: two hours per week.\nNOTE: Students who have received credit for ENGR 344 may not take this course \nfor credit.\n\n',NULL),(7341,'BLDG','390','',0,NULL,NULL),(7342,'ENGR','451','',0,NULL,NULL),(7343,'CHEM','205','',0,NULL,NULL),(7344,'CIVI','381','',0,NULL,NULL),(7345,'EMAT','391','',0,NULL,NULL),(7346,'CIVI','432','',0,NULL,NULL),(7347,'CIVI','372','Transportation Engineering',3,'Transportation Engineering \n\nPrerequisite: CIVI 341. Fields of transportation engineering; transportations \nroles in society; planning and design of road, rail, air, and water-way system \ncomponents: terminals, right-of-way; control systems: evaluation of alternative \nmodes and decision-making process; introduction to computer-aided design and \nmanagement of systems. Lectures: three hours per week. Tutorial: one hour per \nweek.\n\n',NULL),(7348,'Civi','282','',0,NULL,NULL),(7349,'CEGE','105','',0,NULL,NULL),(7350,'ELEC','311','Electronics I',4,'Electronics I \n\nPrerequisite: ELEC 273 or ENGR 273. Diodes: the ideal diode; terminal \ncharacteristics of junction diodes; analysis of diode circuits; the small signal \nmodel and its application; operation in the reverse-breakdown region &mdash; Zener \ndiodes; rectifier circuits; limiting and clamping circuits. Bipolar junction \ntransistors: structure and physical operation; DC analysis: biasing \nconsiderations: small signal analysis and parameters; hybrid',NULL),(7351,'COEN','352','',0,NULL,NULL),(7352,'COEN','320','',0,NULL,NULL),(7353,'COEN','317','Microprocessor Systems',4,'Microprocessor Systems \n\nPrerequisite: COEN 311 or COMP 228 or SOEN 228; COEN 312 or COMP 327. \nIntroduction to microprocessor interfacing. Bus functions, bus interconnections, \nsynchronous and asynchronous bus. Signal flow and data transfer, decoding for \nI/O and memory, memory organization and structures. Interfacing examples; \nparallel interfacing, serial interfacing, the interrupt system; bus arbitration \nand DMA. Analog-to-digital and digital-to-analog structures and interfacing. \nFloppy disc and CRT controllers; bus standards; local area networks. \nBenchmarking and comparative study of recent microprocessors. Lectures: three \nhours per week. Laboratory: 30 hours total.\nNOTE: Students who have received credit for COEN 417 may not take this course \nfor credit.\n\n',NULL),(7354,'COMP','327','Digital System Design',4,'Digital System Design \n\nPrerequisite: COMP 228 or SOEN 228. Basic theory and techniques related to the \ndesign of digital systems: design specifications, manipulation of Boolean \nexpressions and its relation to logic circuit design. Sequential circuit design. \nDesign with SSI and MSI circuits. Interfacing with devices. Lectures: three \nhours per week. Tutorial: one hour per week. Laboratory: two hours per week.\n\n',NULL),(7355,'MATH','201','',0,NULL,NULL),(7356,'MATH','203','',0,NULL,NULL),(7357,'MATH','209','',0,NULL,NULL),(7358,'CEGE','103','',0,NULL,NULL),(7359,'MATH','208','',0,NULL,NULL),(7360,'CEGE','203','',0,NULL,NULL),(7361,'COMP','229','System Software',3,'System Software \n\nPrerequisite: COMP 228; COMP 248; MATH 203 or 209 or Cegep Mathematics 103 or \nNYA; MATH 204 or 208 or Cegep Mathematics 105 or NYC. Hardware-software \ninterface, system kernel, system services, system evolution. Assemblers, \ncompilers, linkers, and loaders. System component interfaces. User-level view of \noperating systems. Lectures: three hours per week. Tutorial: two hours per week.\nNOTE: Students who have received credit for SOEN 229 or COEN 311 may not take \nthis course for credit.\n\n',NULL),(7362,'COMP','239','Mathematics for Computer Science',3,'Mathematics for Computer Science II \n\nPrerequisite: COMP 232; MATH 203 or 209 or Cegep Mathematics 103 or NYA; MATH \n204 or 208 or Cegep Mathematics 105 or NYC; MATH 205 or Cegep Mathematics 203 or \nNYB previously or concurrently. Counting and number theory. Permutations and \ncombinations. Recurrence relations. Graphs and trees. Lectures: three hours per \nweek. Tutorial: two hours per week.\n\n',NULL),(7363,'COMP','238','',0,NULL,NULL),(7364,'MAST','217','',0,NULL,NULL),(7365,'MAST','234','',0,NULL,NULL),(7366,'ENGR','273','',0,NULL,NULL),(7367,'PHYS','205','',0,NULL,NULL),(7368,'ELEC','364','Signals and Systems II',3,'Signals and Systems II \n\nPrerequisite: ELEC 264. Sampling of continuous-time and discrete-time signals. \nReconstruction of a signal from its samples using interpolation. Laplace \nTransform. Inverse Laplace Transform. Analysis of systems using Laplace \nTransform. Unilateral Laplace Transform. The Z-Transform and inverse \nZ-Transform. Analysis of systems using Z-Transform. Unilateral Z-Transform. Time \nand frequency characteristics of signals and systems. Examples of \ncontinuous-time and discrete-time first and second-order systems. Amplitude \nmodulation and demodulation. Pulse-amplitude modulation. Frequency modulation. \nComputer-based simulation. Lectures: three hours per week. Tutorial: one hour \nper week.\nNOTE: Students who have received credit for ELEC 361 may not take this course \nfor credit.\n\n',NULL),(7369,'PHYS','204','',0,NULL,NULL),(7370,'ENGR','311','',0,NULL,NULL),(7371,'ELEC','361','Signals and Systems',3,'Signals and Systems \n\nPrerequisite: ELEC 261. System functions. Impulse response. Convolution. The \nexponential and trigonometric forms of the Fourier series. Frequency domain \nplots of Fourier series coefficients. Mean square convergence. Gibbs \nphenomenon. The Cauchy limit form of the Fourier transform. Transforms of \nperiodic functions. Relation between the Fourier and Laplace transforms. \nFrequency domain plots. Difference equations. Relation between the Z transform \nand the Fourier and Laplace transforms. Unit pulse response. Numerical \nconvolution. Discrete Fourier transform.Lectures: three hours per week. \nTutorial: one hour per week.\nNOTE: Students who have received credit for EMAT 312 may not take this course \nfor credit.\n\n',NULL),(7372,'MECH','333','',0,NULL,NULL),(7373,'ENGR','275','',0,NULL,NULL),(7374,'ENGR','370','',0,NULL,NULL),(7375,'ELEC','331','',0,NULL,NULL),(7376,'ELEC','461','',0,NULL,NULL),(7377,'ELEC','471','',0,NULL,NULL),(7378,'COEN','445','Communication Networks and Proto',4,'Communication Networks and Protocols \n\nPrerequisite: COEN 346. Network topologies. Communications protocols basics. \nLocal Area Networks (LANs). Wide Area Networks (WANs). Layered architecture \nstandards (OSI and TCP/IP) and protocols. Internetworking. Lectures: three hours \nper week. Laboratory: 30 hours total.\nNOTE: Students who have received credit for ELEC 463 may not take this course \nfor credit.\n\n',NULL),(7379,'pass','272','',0,NULL,NULL),(7380,'MATH','205','',0,NULL,NULL),(7381,'ENCS','245','',0,NULL,NULL),(7382,'ENCS','281','',0,NULL,NULL),(7383,'INDU','320','Production Engineering',3,'Production Engineering \n\nPrerequisite: INDU 323. The systems approach to production. Interrelationships \namong the component blocks of the system: forecasting, aggregate planning, \nproduction, material and capacity planning, operations scheduling. An overview \nof integrated production planning and control including MRP II, Just in Time \nmanufacturing (JIT). Lectures: three hours per week. Tutorial: one hour per \nweek.\n\n',NULL),(7384,'MECH','311','',0,NULL,NULL),(7385,'INDU','421','',0,NULL,NULL),(7386,'MECH','447','',0,NULL,NULL),(7387,'MECH','352','',0,NULL,NULL),(7388,'ENGR','372','',0,NULL,NULL),(7389,'MECH','372','',0,NULL,NULL),(7390,'MECH','462','Turbomachinery and Propulsion \n\n',3,'Turbomachinery and Propulsion \n\nPrerequisite: MECH 351, 361. Aircraft design process, preliminary sizing and \nthrust requirements. Rotary and fixed wing aerodynamics and stability. \nHelicopter configurations. Structure and fatigue design considerations. Review \nof the gas turbine cycle and components arrangement. Turbo-propulsion: \nturboprop, turbofan, turbojet and turboshafts. Energy transfer in turbomachines: \nEuler equation, velocity triangles. Dimensional analysis of turbomachines. Flow \nin turbomachines. Three-dimensional flow in turbomachines. Mechanisms of losses \nin turbomachines. Axial-flow turbines and compressors. Centrifugal compressors. \nCompressor and turbine performance maps; surge and stall. Lectures: three hours \nper week. Tutorial: one hour per week.\n\n',NULL),(7391,'ELEC','318','',0,NULL,NULL),(7392,'SOEN','282','Document Processing',2,'Document Processing \n\nPrerequisite: ENCS 281. Document processing software; choice of appropriate \ntools. Preparing reports with the aid of a spreadsheet. Using Internet \nfacilities for group collaboration, including the construction of shared \nhypertext. Extraction of documentation from source code. Configuration \nmanagement. Principles and use of markup languages such as SGML and HTML. \nDocumentation standards such as ISO 9000. Lectures: two hours per week. \nTutorial: two hours per week.\n\n',NULL),(7393,'SOEN','343','Software Architecture and Design',3,'Software Architecture and Design I \n\nPrerequisite: SOEN 341; SOEN 342 previously or concurrently. From requirements \nto design to implementation. Planned vs. evolutionary design and refactoring. \nModel-driven design and Unified Modelling Language (UML). Structural and \nbehavioural design descriptions and specifications. General and domain-specific \ndesign principles, patterns and idioms. Object-oriented design concepts such as \ninterfaces vs. abstract types, polymorphism, generics, and delegation vs. \nsubclassing. Introduction to software architecture (styles and view models). \nDesign quality. Design rationale. Design methodologies (e.g. based on \nresponsibility assignment). Test-driven development. Lectures: three hours per \nweek. Tutorial: one hour per week.\n\n',NULL),(7394,'SOEN','342','Software Requirements and Specif',3,'Software Requirements and Specifications \n\nPrerequisite: SOEN 341. Requirements engineering. Functional and non-functional \nrequirements. Traceability. Test generation. Formal and informal specifications. \nFormal specification languages. Reasoning with specifications. Correctness \nissues. Verification. Lectures: three hours per week. Tutorial: one hour per \nweek.\n\n',NULL),(7395,'EMAT','233','',0,NULL,NULL),(7396,'SOEN','387','',0,NULL,NULL),(7397,'SOEN','337','',0,NULL,NULL),(7398,'BLDG','212','Building Engineering Drawing',3,'Building Engineering Drawing \n\nFundamentals of technical drawing, dimensioning practices, orthographic \nprojections, auxiliary and sectional views of buildings. Theory and applications \nof descriptive geometry in building design. Computer-aided building drawing. \nBuilding sub-systems and related graphics standards; architectural and building \nengineering drawing at preliminary and final stages. Introduction to the design \nof light-frame buildings. Project: representation of a building and its \nsub-systems. Lectures: three hours per week. Tutorial: two hours per week.\nNOTE: Students who have received credit for BLDG 211 may not take this course \nfor credit.\n\n',NULL),(7399,'BCEE','371','',0,NULL,NULL),(7400,'BLDG','476','Thermal Analysis of Buildings \n\n',3,'Thermal Analysis of Buildings \n\nPrerequisite: BLDG 365; ENGR 361. Two- and three-dimensional steady-state and \ntransient conductive heat transfer together with convection and radiation as \napplied to building materials and geometries. Heating and cooling load analysis, \nincluding building shapes, construction type, solar radiation, infiltration, \noccupancy effects, and daily load variations. Computer applications for thermal \nload analysis. Introduction to heat exchangers. Lectures: three hours per week. \nTutorial: one hour per week.\n\n',NULL),(7401,'BLDG','463','Building Envelope Design',3,'Building Envelope Design \n\nPrerequisite: BLDG 365; CIVI 321. Technical influences in the design of building \nenvelope, including the control of heat flow, air and moisture penetration, \nbuilding movements, and deterioration. Application of air/vapour barrier and \nrain-screen systems. Performance assessment and building codes through case \nstudies and design projects. Sustainable design principles. Design of walls, \nroofs, joints and assemblies. Cause of deterioration and preventive measures, \non-site investigation. Relevant building codes and standards. Lectures: three \nhours per week.\nNOTE: Students who have received credit for BLDG 461 may not take this course \nfor credit.\n\n',NULL),(7402,'BLDG','471','HVAC System Design',4,'HVAC System Design \n\nPrerequisite: BLDG 371; BLDG 476 previously or concurrently. Principles of HVAC \nsystem design and analysis; sustainable design issues and impact on environment; \ncomponent and system selection criteria including room air distribution, fans \nand air circulation, humidifying and dehumidifying processes, piping and ducting \ndesign. Air quality standards. Control systems and techniques; operational \neconomics; computer applications. Lectures: three hours per week. Laboratory: \ntwo hours per week.\n\n',NULL),(7403,'CIVI','212','Civil Engineering Drawing',3,'Civil Engineering Drawing \n\nFundamentals of technical drawing, dimensioning practice, orthographic \nprojections, auxiliary and sectional views. Theory and applications of \ndescriptive geometry in civil engineering. Computer-aided drawing and \napplications to the preparation of working drawing of steel and concrete \nstructures. Lectures: three hours per week. Tutorial: two hours per week.\nNOTE: Students who have received credit for CIVI 211 may not take this course \nfor credit.\n\n',NULL),(7404,'CIVI','231','',0,NULL,NULL),(7405,'CIVI','390','',0,NULL,NULL),(7406,'ELEC','351','Electromagnetic Waves and Guidin',3,'Electromagnetic Waves and Guiding Structures \n\nPrerequisite: ELEC 251, 365. Maxwells equations. Differential forms of the laws \nof electromagnetism. Boundary conditions. Power and energy. Uniform plane waves. \nTransmission line theory. Rectangular waveguides. Antennas. Lectures: three \nhours per week. Tutorial: one hour per week.\n\n',NULL),(7407,'ELEC','030','',0,NULL,NULL),(7408,'ELEC','031','',0,NULL,NULL),(7409,'ELEC','032','',0,NULL,NULL),(7410,'ELEC','033','',0,NULL,NULL),(7411,'ELEC','040','',0,NULL,NULL),(7412,'ELEC','041','',0,NULL,NULL),(7413,'COEN','313','',0,NULL,NULL),(7414,'COEN','030','',0,NULL,NULL),(7415,'COEN','050','',0,NULL,NULL),(7416,'COEN','040','',0,NULL,NULL),(7417,'COEN','041','',0,NULL,NULL),(7418,'COEN','051','',0,NULL,NULL),(7419,'SOEN','384','',0,NULL,NULL);
/*!40000 ALTER TABLE `Course` ENABLE KEYS */;
UNLOCK TABLES;

--
-- Table structure for table `TemporarySchedule`
--

DROP TABLE IF EXISTS `TemporarySchedule`;
/*!40101 SET @saved_cs_client     = @@character_set_client */;
/*!40101 SET character_set_client = utf8 */;
CREATE TABLE `TemporarySchedule` (
  `ScheduleID` int(11) NOT NULL,
  `UserID` char(7) NOT NULL,
  `ClassID` int(11) NOT NULL,
  PRIMARY KEY  (`ScheduleID`,`UserID`,`ClassID`),
  KEY `fk_TemporarySchedule_User1` (`UserID`),
  KEY `fk_TemporarySchedule_Class1` (`ClassID`),
  CONSTRAINT `fk_TemporarySchedule_Class1` FOREIGN KEY (`ClassID`) REFERENCES `Class` (`ClassID`) ON DELETE NO ACTION ON UPDATE NO ACTION,
  CONSTRAINT `fk_TemporarySchedule_User1` FOREIGN KEY (`UserID`) REFERENCES `User` (`UserID`) ON DELETE NO ACTION ON UPDATE NO ACTION
) ENGINE=InnoDB DEFAULT CHARSET=latin1;
/*!40101 SET character_set_client = @saved_cs_client */;

--
-- Dumping data for table `TemporarySchedule`
--

LOCK TABLES `TemporarySchedule` WRITE;
/*!40000 ALTER TABLE `TemporarySchedule` DISABLE KEYS */;
INSERT INTO `TemporarySchedule` VALUES (1,'9365079',12279),(2,'9365079',12280),(1,'1234567',12284),(1,'1234567',12285),(1,'1234567',12288),(1,'1234567',12293),(3,'9365079',12359),(4,'9365079',12360),(5,'9365079',12439),(6,'9365079',12440),(7,'9365079',12519),(8,'9365079',12520),(9,'9365079',12641),(10,'9365079',12642),(11,'9365079',12767),(12,'9365079',12768),(13,'9365079',12936),(14,'9365079',12937),(15,'9365079',13105),(16,'9365079',13106),(17,'9365079',13279),(18,'9365079',13280),(19,'9365079',13512),(20,'9365079',13513);
/*!40000 ALTER TABLE `TemporarySchedule` ENABLE KEYS */;
UNLOCK TABLES;

--
-- Table structure for table `User`
--

DROP TABLE IF EXISTS `User`;
/*!40101 SET @saved_cs_client     = @@character_set_client */;
/*!40101 SET character_set_client = utf8 */;
CREATE TABLE `User` (
  `UserID` char(7) NOT NULL,
  `Username` varchar(16) NOT NULL,
  `FirstName` varchar(32) NOT NULL,
  `LastName` varchar(32) NOT NULL,
  `PasswordHash` char(64) NOT NULL COMMENT '''sha256(sha256(password)+random_salt',
  `PasswordSalt` char(16) NOT NULL COMMENT '''Must be rando',
  `UserRoleID` char(1) NOT NULL,
  PRIMARY KEY  (`UserID`),
  KEY `fk_User_Role1` (`UserRoleID`),
  KEY `fk_User_UserRole1` (`UserRoleID`),
  CONSTRAINT `fk_User_UserRole1` FOREIGN KEY (`UserRoleID`) REFERENCES `UserRole` (`UserRoleID`) ON DELETE NO ACTION ON UPDATE NO ACTION
) ENGINE=InnoDB DEFAULT CHARSET=latin1;
/*!40101 SET character_set_client = @saved_cs_client */;

--
-- Dumping data for table `User`
--

LOCK TABLES `User` WRITE;
/*!40000 ALTER TABLE `User` DISABLE KEYS */;
INSERT INTO `User` VALUES ('0153753','echa','Eric','Chan','b78c96ca1314ff4b2afa42ec8d993da6c2a151d7bbb986558f04bd3260c23ece','869601','0'),('1234567','not-a-user','A','A','b78c96ca1314ff4b2afa42ec8d993da6c2a151d7bbb986558f04bd3260c23ece','869601','2'),('4183024','angewoman807','Julia','Lemire','b43290886a3862391842dd1d1babcc072be77bbe5e58d16cf39a3c84eaa32267','938502','0'),('4318070','matdumsa','Mathieu','Dumais-Savard','58a06520742b04ff752acd18d4061b48288845ac9a250224b5ce5fd485f911eb','535406','0'),('4870071','C-o-r-E','c','c','03d1232a9e5ec88d947c379adc9fe9776372887cb5fdbeac9a9e24837052d694','761112','0'),('5496306','Andreas','Andreas','E','95555db6e5b882a04b281944f7f5abcc504b1d83c1cc186fe7993545a1b5527c','890499','0'),('6660000','b_ross','Bob','Ross','418690c3d9ae095b0769ab9bd8e7aa4cefda398583df73c484c6f001a9ec70e6','57601','2'),('6661111','c_nor','Chuck','Norris','418690c3d9ae095b0769ab9bd8e7aa4cefda398583df73c484c6f001a9ec70e6','57601','2'),('6662222','el_derp','Elizabeth','Derp','418690c3d9ae095b0769ab9bd8e7aa4cefda398583df73c484c6f001a9ec70e6','57601','2'),('6663333','t_fan','Terry','Fancott','418690c3d9ae095b0769ab9bd8e7aa4cefda398583df73c484c6f001a9ec70e6','57601','2'),('6664444','l_cat','Long','Cat','418690c3d9ae095b0769ab9bd8e7aa4cefda398583df73c484c6f001a9ec70e6','57601','2'),('6665555','o_o','Otto','O\'Malley','418690c3d9ae095b0769ab9bd8e7aa4cefda398583df73c484c6f001a9ec70e6','57601','2'),('6666666','neko','kitty','cat','418690c3d9ae095b0769ab9bd8e7aa4cefda398583df73c484c6f001a9ec70e6','57601','2'),('7873104','sebastien','S','PC','aa8406b4b0f8851d72279a30a5b9a9c40e925ada9acf8da38b28c544f36bb4f6','221079','0'),('8571274','dummy','humpty','dumpty','e28148487d9b018aca1eccb52a29e2322a9916f797fc46eb9dd1bac31c398c34','967171','2'),('9365079','er_cha','Eric','Chan','b78c96ca1314ff4b2afa42ec8d993da6c2a151d7bbb986558f04bd3260c23ece','869601','2');
/*!40000 ALTER TABLE `User` ENABLE KEYS */;
UNLOCK TABLES;

--
-- Table structure for table `Faculty`
--

DROP TABLE IF EXISTS `Faculty`;
/*!40101 SET @saved_cs_client     = @@character_set_client */;
/*!40101 SET character_set_client = utf8 */;
CREATE TABLE `Faculty` (
  `FacultyID` varchar(4) NOT NULL,
  `FacultyName` varchar(128) NOT NULL,
  PRIMARY KEY  (`FacultyID`)
) ENGINE=InnoDB DEFAULT CHARSET=latin1;
/*!40101 SET character_set_client = @saved_cs_client */;

--
-- Dumping data for table `Faculty`
--

LOCK TABLES `Faculty` WRITE;
/*!40000 ALTER TABLE `Faculty` DISABLE KEYS */;
INSERT INTO `Faculty` VALUES ('DERP','DERP'),('ENCS','Engineering & Computer Science');
/*!40000 ALTER TABLE `Faculty` ENABLE KEYS */;
UNLOCK TABLES;

--
-- Table structure for table `Satisfies`
--

DROP TABLE IF EXISTS `Satisfies`;
/*!40101 SET @saved_cs_client     = @@character_set_client */;
/*!40101 SET character_set_client = utf8 */;
CREATE TABLE `Satisfies` (
  `RequirementID` int(10) NOT NULL,
  `CourseId` int(10) unsigned NOT NULL,
  KEY `fk_Satisfies_Course1` (`CourseId`),
  KEY `fk_Satisfies_Requirement1` (`RequirementID`),
  KEY `fk_Satisfies_Requires1` (`RequirementID`),
  CONSTRAINT `fk_Satisfies_Course1` FOREIGN KEY (`CourseId`) REFERENCES `Course` (`CourseID`) ON DELETE NO ACTION ON UPDATE NO ACTION,
  CONSTRAINT `fk_Satisfies_Requires1` FOREIGN KEY (`RequirementID`) REFERENCES `Requires` (`RequirementID`) ON DELETE NO ACTION ON UPDATE NO ACTION
) ENGINE=InnoDB DEFAULT CHARSET=latin1;
/*!40101 SET character_set_client = @saved_cs_client */;

--
-- Dumping data for table `Satisfies`
--

LOCK TABLES `Satisfies` WRITE;
/*!40000 ALTER TABLE `Satisfies` DISABLE KEYS */;
INSERT INTO `Satisfies` VALUES (15619,7336),(15620,7272),(15621,7157),(15622,7337),(15623,7337),(15624,7338),(15624,7171),(15625,7273),(15626,7280),(15627,7337),(15628,7336),(15629,7272),(15630,7157),(15631,7337),(15632,7337),(15633,7338),(15633,7171),(15634,7273),(15635,7280),(15636,7337),(15637,7276),(15638,7273),(15639,7163),(15640,7165),(15641,7339),(15642,7340),(15643,7341),(15644,7277),(15645,7161),(15645,7342),(15646,7336),(15647,7272),(15648,7157),(15649,7337),(15650,7337),(15651,7338),(15651,7171),(15652,7273),(15653,7280),(15654,7337),(15655,7276),(15656,7273),(15657,7163),(15658,7165),(15659,7339),(15660,7340),(15661,7341),(15662,7277),(15663,7161),(15663,7342),(15664,7343),(15665,7157),(15666,7278),(15667,7344),(15668,7280),(15668,7345),(15669,7346),(15670,7159),(15671,7340),(15672,7172),(15673,7347),(15674,7344),(15675,7348),(15676,7277),(15677,7172),(15678,7340),(15679,7336),(15680,7272),(15681,7157),(15682,7337),(15683,7337),(15684,7338),(15684,7171),(15685,7273),(15686,7280),(15687,7337),(15688,7276),(15689,7273),(15690,7163),(15691,7165),(15692,7339),(15693,7340),(15694,7341),(15695,7277),(15696,7161),(15696,7342),(15697,7343),(15698,7157),(15699,7278),(15700,7344),(15701,7280),(15701,7345),(15702,7346),(15703,7159),(15704,7340),(15705,7172),(15706,7347),(15707,7344),(15708,7348),(15709,7277),(15710,7172),(15711,7340),(15712,7336),(15712,7349),(15713,7180),(15714,7181),(15715,7181),(15716,7184),(15717,7180),(15718,7350),(15719,7183),(15720,7183),(15721,7204),(15721,7351),(15722,7182),(15723,7265),(15724,7277),(15725,7352),(15726,7353),(15727,7326),(15728,7184),(15728,7354),(15729,7350),(15730,7279),(15731,7351),(15732,7350),(15732,7326),(15733,7336),(15734,7272),(15735,7157),(15736,7337),(15737,7337),(15738,7338),(15738,7171),(15739,7273),(15740,7280),(15741,7337),(15742,7276),(15743,7273),(15744,7163),(15745,7165),(15746,7339),(15747,7340),(15748,7341),(15749,7277),(15750,7161),(15750,7342),(15751,7343),(15752,7157),(15753,7278),(15754,7344),(15755,7280),(15755,7345),(15756,7346),(15757,7159),(15758,7340),(15759,7172),(15760,7347),(15761,7344),(15762,7348),(15763,7277),(15764,7172),(15765,7340),(15766,7336),(15766,7349),(15767,7180),(15768,7181),(15769,7181),(15770,7184),(15771,7180),(15772,7350),(15773,7183),(15774,7183),(15775,7204),(15775,7351),(15776,7182),(15777,7265),(15778,7277),(15779,7352),(15780,7353),(15781,7326),(15782,7184),(15782,7354),(15783,7350),(15784,7279),(15785,7351),(15786,7350),(15786,7326),(15787,7355),(15788,7196),(15789,7356),(15789,7357),(15789,7358),(15790,7336),(15790,7359),(15790,7349),(15791,7194),(15792,7336),(15792,7359),(15792,7349),(15793,7194),(15794,7196),(15795,7356),(15795,7357),(15795,7358),(15796,7336),(15796,7359),(15796,7349),(15796,7360),(15797,7202),(15798,7194),(15798,7180),(15799,7197),(15799,7182),(15800,7194),(15801,7204),(15802,7361),(15802,7183),(15803,7204),(15804,7197),(15805,7362),(15806,7197),(15807,7204),(15808,7204),(15809,7265),(15810,7194),(15811,7197),(15812,7363),(15812,7364),(15813,7196),(15813,7365),(15814,7201),(15814,7182),(15815,7204),(15815,7351),(15816,7202),(15817,7202),(15818,7361),(15818,7183),(15819,7199),(15820,7205),(15821,7199),(15822,7204),(15823,7204),(15824,7204),(15825,7207),(15825,7280),(15826,7207),(15826,7280),(15827,7265),(15828,7219),(15829,7265),(15830,7336),(15831,7272),(15832,7157),(15833,7337),(15834,7337),(15835,7338),(15835,7171),(15836,7273),(15837,7280),(15838,7337),(15839,7276),(15840,7273),(15841,7163),(15842,7165),(15843,7339),(15844,7340),(15845,7341),(15846,7277),(15847,7161),(15847,7342),(15848,7343),(15849,7157),(15850,7278),(15851,7344),(15852,7280),(15852,7345),(15853,7346),(15854,7159),(15855,7340),(15856,7172),(15857,7347),(15858,7344),(15859,7348),(15860,7277),(15861,7172),(15862,7340),(15863,7336),(15863,7349),(15864,7180),(15865,7181),(15866,7181),(15867,7184),(15868,7180),(15869,7350),(15870,7183),(15871,7183),(15872,7204),(15872,7351),(15873,7182),(15874,7265),(15875,7277),(15876,7352),(15877,7353),(15878,7326),(15879,7184),(15879,7354),(15880,7350),(15881,7279),(15882,7351),(15883,7350),(15883,7326),(15884,7355),(15885,7196),(15886,7356),(15886,7357),(15886,7358),(15887,7336),(15887,7359),(15887,7349),(15888,7194),(15889,7336),(15889,7359),(15889,7349),(15890,7194),(15891,7196),(15892,7356),(15892,7357),(15892,7358),(15893,7336),(15893,7359),(15893,7349),(15893,7360),(15894,7202),(15895,7194),(15895,7180),(15896,7197),(15896,7182),(15897,7194),(15898,7204),(15899,7361),(15899,7183),(15900,7204),(15901,7197),(15902,7362),(15903,7197),(15904,7204),(15905,7204),(15906,7265),(15907,7194),(15908,7197),(15909,7363),(15909,7364),(15910,7196),(15910,7365),(15911,7201),(15911,7182),(15912,7204),(15912,7351),(15913,7202),(15914,7202),(15915,7361),(15915,7183),(15916,7199),(15917,7205),(15918,7199),(15919,7204),(15920,7204),(15921,7204),(15922,7207),(15922,7280),(15923,7207),(15923,7280),(15924,7265),(15925,7219),(15926,7265),(15927,7336),(15928,7272),(15929,7157),(15930,7337),(15931,7337),(15932,7338),(15932,7171),(15933,7273),(15934,7280),(15935,7337),(15936,7276),(15937,7273),(15938,7163),(15939,7165),(15940,7339),(15941,7340),(15942,7341),(15943,7277),(15944,7161),(15944,7342),(15945,7343),(15946,7157),(15947,7278),(15948,7344),(15949,7280),(15949,7345),(15950,7346),(15951,7159),(15952,7340),(15953,7172),(15954,7347),(15955,7344),(15956,7348),(15957,7277),(15958,7172),(15959,7340),(15960,7336),(15960,7349),(15961,7180),(15962,7181),(15963,7181),(15964,7184),(15965,7180),(15966,7350),(15967,7183),(15968,7183),(15969,7204),(15969,7351),(15970,7182),(15971,7265),(15972,7277),(15973,7352),(15974,7353),(15975,7326),(15976,7184),(15976,7354),(15977,7350),(15978,7279),(15979,7351),(15980,7350),(15980,7326),(15981,7355),(15982,7196),(15983,7356),(15983,7357),(15983,7358),(15984,7336),(15984,7359),(15984,7349),(15985,7194),(15986,7336),(15986,7359),(15986,7349),(15987,7194),(15988,7196),(15989,7356),(15989,7357),(15989,7358),(15990,7336),(15990,7359),(15990,7349),(15990,7360),(15991,7202),(15992,7194),(15992,7180),(15993,7197),(15993,7182),(15994,7194),(15995,7204),(15996,7361),(15996,7183),(15997,7204),(15998,7197),(15999,7362),(16000,7197),(16001,7204),(16002,7204),(16003,7265),(16004,7194),(16005,7197),(16006,7363),(16006,7364),(16007,7196),(16007,7365),(16008,7201),(16008,7182),(16009,7204),(16009,7351),(16010,7202),(16011,7202),(16012,7361),(16012,7183),(16013,7199),(16014,7205),(16015,7199),(16016,7204),(16017,7204),(16018,7204),(16019,7207),(16019,7280),(16020,7207),(16020,7280),(16021,7265),(16022,7219),(16023,7265),(16024,7336),(16025,7272),(16026,7157),(16027,7337),(16028,7337),(16029,7338),(16029,7171),(16030,7273),(16031,7280),(16032,7337),(16033,7276),(16034,7273),(16035,7163),(16036,7165),(16037,7339),(16038,7340),(16039,7341),(16040,7277),(16041,7161),(16041,7342),(16042,7343),(16043,7157),(16044,7278),(16045,7344),(16046,7280),(16046,7345),(16047,7346),(16048,7159),(16049,7340),(16050,7172),(16051,7347),(16052,7344),(16053,7348),(16054,7277),(16055,7172),(16056,7340),(16057,7336),(16057,7349),(16058,7180),(16059,7181),(16060,7181),(16061,7184),(16062,7180),(16063,7350),(16064,7183),(16065,7183),(16066,7204),(16066,7351),(16067,7182),(16068,7265),(16069,7277),(16070,7352),(16071,7353),(16072,7326),(16073,7184),(16073,7354),(16074,7350),(16075,7279),(16076,7351),(16077,7350),(16077,7326),(16078,7355),(16079,7196),(16080,7356),(16080,7357),(16080,7358),(16081,7336),(16081,7359),(16081,7349),(16082,7194),(16083,7336),(16083,7359),(16083,7349),(16084,7194),(16085,7196),(16086,7356),(16086,7357),(16086,7358),(16087,7336),(16087,7359),(16087,7349),(16087,7360),(16088,7202),(16089,7194),(16089,7180),(16090,7197),(16090,7182),(16091,7194),(16092,7204),(16093,7361),(16093,7183),(16094,7204),(16095,7197),(16096,7362),(16097,7197),(16098,7204),(16099,7204),(16100,7265),(16101,7194),(16102,7197),(16103,7363),(16103,7364),(16104,7196),(16104,7365),(16105,7201),(16105,7182),(16106,7204),(16106,7351),(16107,7202),(16108,7202),(16109,7361),(16109,7183),(16110,7199),(16111,7205),(16112,7199),(16113,7204),(16114,7204),(16115,7204),(16116,7207),(16116,7280),(16117,7207),(16117,7280),(16118,7265),(16119,7219),(16120,7265),(16121,7240),(16121,7366),(16122,7240),(16123,7270),(16124,7367),(16125,7270),(16126,7367),(16127,7350),(16128,7368),(16129,7239),(16130,7368),(16131,7279),(16132,7270),(16133,7369),(16134,7370),(16134,7371),(16134,7368),(16134,7372),(16135,7240),(16135,7373),(16136,7247),(16136,7374),(16137,7182),(16138,7350),(16139,7265),(16140,7277),(16141,7350),(16142,7243),(16143,7350),(16144,7375),(16145,7375),(16146,7371),(16146,7368),(16147,7376),(16148,7377),(16149,7376),(16150,7377),(16151,7257),(16152,7378),(16152,7258),(16153,7345),(16153,7280),(16154,7279),(16155,7183),(16156,7371),(16157,7336),(16158,7272),(16159,7157),(16160,7337),(16161,7337),(16162,7338),(16162,7171),(16163,7273),(16164,7280),(16165,7337),(16166,7276),(16167,7273),(16168,7163),(16169,7165),(16170,7339),(16171,7340),(16172,7341),(16173,7277),(16174,7161),(16174,7342),(16175,7343),(16176,7157),(16177,7278),(16178,7344),(16179,7280),(16179,7345),(16180,7346),(16181,7159),(16182,7340),(16183,7172),(16184,7347),(16185,7344),(16186,7348),(16187,7277),(16188,7172),(16189,7340),(16190,7336),(16190,7349),(16191,7180),(16192,7181),(16193,7181),(16194,7184),(16195,7180),(16196,7350),(16197,7183),(16198,7183),(16199,7204),(16199,7351),(16200,7182),(16201,7265),(16202,7277),(16203,7352),(16204,7353),(16205,7326),(16206,7184),(16206,7354),(16207,7350),(16208,7279),(16209,7351),(16210,7350),(16210,7326),(16211,7355),(16212,7196),(16213,7356),(16213,7357),(16213,7358),(16214,7336),(16214,7359),(16214,7349),(16215,7194),(16216,7336),(16216,7359),(16216,7349),(16217,7194),(16218,7196),(16219,7356),(16219,7357),(16219,7358),(16220,7336),(16220,7359),(16220,7349),(16220,7360),(16221,7202),(16222,7194),(16222,7180),(16223,7197),(16223,7182),(16224,7194),(16225,7204),(16226,7361),(16226,7183),(16227,7204),(16228,7197),(16229,7362),(16230,7197),(16231,7204),(16232,7204),(16233,7265),(16234,7194),(16235,7197),(16236,7363),(16236,7364),(16237,7196),(16237,7365),(16238,7201),(16238,7182),(16239,7204),(16239,7351),(16240,7202),(16241,7202),(16242,7361),(16242,7183),(16243,7199),(16244,7205),(16245,7199),(16246,7204),(16247,7204),(16248,7204),(16249,7207),(16249,7280),(16250,7207),(16250,7280),(16251,7265),(16252,7219),(16253,7265),(16254,7240),(16254,7366),(16255,7240),(16256,7270),(16257,7367),(16258,7270),(16259,7367),(16260,7350),(16261,7368),(16262,7239),(16263,7368),(16264,7279),(16265,7270),(16266,7369),(16267,7370),(16267,7371),(16267,7368),(16267,7372),(16268,7240),(16268,7373),(16269,7247),(16269,7374),(16270,7182),(16271,7350),(16272,7265),(16273,7277),(16274,7350),(16275,7243),(16276,7350),(16277,7375),(16278,7375),(16279,7371),(16279,7368),(16280,7376),(16281,7377),(16282,7376),(16283,7377),(16284,7257),(16285,7378),(16285,7258),(16286,7345),(16286,7280),(16287,7279),(16288,7183),(16289,7371),(16290,7379),(16291,7265),(16292,7336),(16293,7272),(16294,7157),(16295,7337),(16296,7337),(16297,7338),(16297,7171),(16298,7273),(16299,7280),(16300,7337),(16301,7276),(16302,7273),(16303,7163),(16304,7165),(16305,7339),(16306,7340),(16307,7341),(16308,7277),(16309,7161),(16309,7342),(16310,7343),(16311,7157),(16312,7278),(16313,7344),(16314,7280),(16314,7345),(16315,7346),(16316,7159),(16317,7340),(16318,7172),(16319,7347),(16320,7344),(16321,7348),(16322,7277),(16323,7172),(16324,7340),(16325,7336),(16325,7349),(16326,7180),(16327,7181),(16328,7181),(16329,7184),(16330,7180),(16331,7350),(16332,7183),(16333,7183),(16334,7204),(16334,7351),(16335,7182),(16336,7265),(16337,7277),(16338,7352),(16339,7353),(16340,7326),(16341,7184),(16341,7354),(16342,7350),(16343,7279),(16344,7351),(16345,7350),(16345,7326),(16346,7355),(16347,7196),(16348,7356),(16348,7357),(16348,7358),(16349,7336),(16349,7359),(16349,7349),(16350,7194),(16351,7336),(16351,7359),(16351,7349),(16352,7194),(16353,7196),(16354,7356),(16354,7357),(16354,7358),(16355,7336),(16355,7359),(16355,7349),(16355,7360),(16356,7202),(16357,7194),(16357,7180),(16358,7197),(16358,7182),(16359,7194),(16360,7204),(16361,7361),(16361,7183),(16362,7204),(16363,7197),(16364,7362),(16365,7197),(16366,7204),(16367,7204),(16368,7265),(16369,7194),(16370,7197),(16371,7363),(16371,7364),(16372,7196),(16372,7365),(16373,7201),(16373,7182),(16374,7204),(16374,7351),(16375,7202),(16376,7202),(16377,7361),(16377,7183),(16378,7199),(16379,7205),(16380,7199),(16381,7204),(16382,7204),(16383,7204),(16384,7207),(16384,7280),(16385,7207),(16385,7280),(16386,7265),(16387,7219),(16388,7265),(16389,7240),(16389,7366),(16390,7240),(16391,7270),(16392,7367),(16393,7270),(16394,7367),(16395,7350),(16396,7368),(16397,7239),(16398,7368),(16399,7279),(16400,7270),(16401,7369),(16402,7370),(16402,7371),(16402,7368),(16402,7372),(16403,7240),(16403,7373),(16404,7247),(16404,7374),(16405,7182),(16406,7350),(16407,7265),(16408,7277),(16409,7350),(16410,7243),(16411,7350),(16412,7375),(16413,7375),(16414,7371),(16414,7368),(16415,7376),(16416,7377),(16417,7376),(16418,7377),(16419,7257),(16420,7378),(16420,7258),(16421,7345),(16421,7280),(16422,7279),(16423,7183),(16424,7371),(16425,7379),(16426,7265),(16427,7336),(16428,7380),(16429,7336),(16430,7380),(16431,7270),(16432,7369),(16433,7336),(16434,7270),(16435,7272),(16436,7272),(16436,7381),(16437,7270),(16438,7271),(16439,7369),(16440,7270),(16441,7356),(16442,7270),(16443,7271),(16444,7276),(16445,7270),(16446,7270),(16447,7196),(16447,7181),(16447,7296),(16447,7158),(16448,7265),(16449,7382),(16450,7382),(16450,7265),(16451,7336),(16452,7272),(16453,7157),(16454,7337),(16455,7337),(16456,7338),(16456,7171),(16457,7273),(16458,7280),(16459,7337),(16460,7276),(16461,7273),(16462,7163),(16463,7165),(16464,7339),(16465,7340),(16466,7341),(16467,7277),(16468,7161),(16468,7342),(16469,7343),(16470,7157),(16471,7278),(16472,7344),(16473,7280),(16473,7345),(16474,7346),(16475,7159),(16476,7340),(16477,7172),(16478,7347),(16479,7344),(16480,7348),(16481,7277),(16482,7172),(16483,7340),(16484,7336),(16484,7349),(16485,7180),(16486,7181),(16487,7181),(16488,7184),(16489,7180),(16490,7350),(16491,7183),(16492,7183),(16493,7204),(16493,7351),(16494,7182),(16495,7265),(16496,7277),(16497,7352),(16498,7353),(16499,7326),(16500,7184),(16500,7354),(16501,7350),(16502,7279),(16503,7351),(16504,7350),(16504,7326),(16505,7355),(16506,7196),(16507,7356),(16507,7357),(16507,7358),(16508,7336),(16508,7359),(16508,7349),(16509,7194),(16510,7336),(16510,7359),(16510,7349),(16511,7194),(16512,7196),(16513,7356),(16513,7357),(16513,7358),(16514,7336),(16514,7359),(16514,7349),(16514,7360),(16515,7202),(16516,7194),(16516,7180),(16517,7197),(16517,7182),(16518,7194),(16519,7204),(16520,7361),(16520,7183),(16521,7204),(16522,7197),(16523,7362),(16524,7197),(16525,7204),(16526,7204),(16527,7265),(16528,7194),(16529,7197),(16530,7363),(16530,7364),(16531,7196),(16531,7365),(16532,7201),(16532,7182),(16533,7204),(16533,7351),(16534,7202),(16535,7202),(16536,7361),(16536,7183),(16537,7199),(16538,7205),(16539,7199),(16540,7204),(16541,7204),(16542,7204),(16543,7207),(16543,7280),(16544,7207),(16544,7280),(16545,7265),(16546,7219),(16547,7265),(16548,7240),(16548,7366),(16549,7240),(16550,7270),(16551,7367),(16552,7270),(16553,7367),(16554,7350),(16555,7368),(16556,7239),(16557,7368),(16558,7279),(16559,7270),(16560,7369),(16561,7370),(16561,7371),(16561,7368),(16561,7372),(16562,7240),(16562,7373),(16563,7247),(16563,7374),(16564,7182),(16565,7350),(16566,7265),(16567,7277),(16568,7350),(16569,7243),(16570,7350),(16571,7375),(16572,7375),(16573,7371),(16573,7368),(16574,7376),(16575,7377),(16576,7376),(16577,7377),(16578,7257),(16579,7378),(16579,7258),(16580,7345),(16580,7280),(16581,7279),(16582,7183),(16583,7371),(16584,7379),(16585,7265),(16586,7336),(16587,7380),(16588,7336),(16589,7380),(16590,7270),(16591,7369),(16592,7336),(16593,7270),(16594,7272),(16595,7272),(16595,7381),(16596,7270),(16597,7271),(16598,7369),(16599,7270),(16600,7356),(16601,7270),(16602,7271),(16603,7276),(16604,7270),(16605,7270),(16606,7196),(16606,7181),(16606,7296),(16606,7158),(16607,7265),(16608,7382),(16609,7382),(16609,7265),(16610,7336),(16611,7272),(16612,7157),(16613,7337),(16614,7337),(16615,7338),(16615,7171),(16616,7273),(16617,7280),(16618,7337),(16619,7276),(16620,7273),(16621,7163),(16622,7165),(16623,7339),(16624,7340),(16625,7341),(16626,7277),(16627,7161),(16627,7342),(16628,7343),(16629,7157),(16630,7278),(16631,7344),(16632,7280),(16632,7345),(16633,7346),(16634,7159),(16635,7340),(16636,7172),(16637,7347),(16638,7344),(16639,7348),(16640,7277),(16641,7172),(16642,7340),(16643,7336),(16643,7349),(16644,7180),(16645,7181),(16646,7181),(16647,7184),(16648,7180),(16649,7350),(16650,7183),(16651,7183),(16652,7204),(16652,7351),(16653,7182),(16654,7265),(16655,7277),(16656,7352),(16657,7353),(16658,7326),(16659,7184),(16659,7354),(16660,7350),(16661,7279),(16662,7351),(16663,7350),(16663,7326),(16664,7355),(16665,7196),(16666,7356),(16666,7357),(16666,7358),(16667,7336),(16667,7359),(16667,7349),(16668,7194),(16669,7336),(16669,7359),(16669,7349),(16670,7194),(16671,7196),(16672,7356),(16672,7357),(16672,7358),(16673,7336),(16673,7359),(16673,7349),(16673,7360),(16674,7202),(16675,7194),(16675,7180),(16676,7197),(16676,7182),(16677,7194),(16678,7204),(16679,7361),(16679,7183),(16680,7204),(16681,7197),(16682,7362),(16683,7197),(16684,7204),(16685,7204),(16686,7265),(16687,7194),(16688,7197),(16689,7363),(16689,7364),(16690,7196),(16690,7365),(16691,7201),(16691,7182),(16692,7204),(16692,7351),(16693,7202),(16694,7202),(16695,7361),(16695,7183),(16696,7199),(16697,7205),(16698,7199),(16699,7204),(16700,7204),(16701,7204),(16702,7207),(16702,7280),(16703,7207),(16703,7280),(16704,7265),(16705,7219),(16706,7265),(16707,7240),(16707,7366),(16708,7240),(16709,7270),(16710,7367),(16711,7270),(16712,7367),(16713,7350),(16714,7368),(16715,7239),(16716,7368),(16717,7279),(16718,7270),(16719,7369),(16720,7370),(16720,7371),(16720,7368),(16720,7372),(16721,7240),(16721,7373),(16722,7247),(16722,7374),(16723,7182),(16724,7350),(16725,7265),(16726,7277),(16727,7350),(16728,7243),(16729,7350),(16730,7375),(16731,7375),(16732,7371),(16732,7368),(16733,7376),(16734,7377),(16735,7376),(16736,7377),(16737,7257),(16738,7378),(16738,7258),(16739,7345),(16739,7280),(16740,7279),(16741,7183),(16742,7371),(16743,7379),(16744,7265),(16745,7336),(16746,7380),(16747,7336),(16748,7380),(16749,7270),(16750,7369),(16751,7336),(16752,7270),(16753,7272),(16754,7272),(16754,7381),(16755,7270),(16756,7271),(16757,7369),(16758,7270),(16759,7356),(16760,7270),(16761,7271),(16762,7276),(16763,7270),(16764,7270),(16765,7196),(16765,7181),(16765,7296),(16765,7158),(16766,7265),(16767,7382),(16768,7382),(16768,7265),(16769,7383),(16770,7270),(16771,7279),(16772,7384),(16773,7384),(16774,7384),(16775,7265),(16776,7277),(16777,7385),(16778,7336),(16779,7272),(16780,7157),(16781,7337),(16782,7337),(16783,7338),(16783,7171),(16784,7273),(16785,7280),(16786,7337),(16787,7276),(16788,7273),(16789,7163),(16790,7165),(16791,7339),(16792,7340),(16793,7341),(16794,7277),(16795,7161),(16795,7342),(16796,7343),(16797,7157),(16798,7278),(16799,7344),(16800,7280),(16800,7345),(16801,7346),(16802,7159),(16803,7340),(16804,7172),(16805,7347),(16806,7344),(16807,7348),(16808,7277),(16809,7172),(16810,7340),(16811,7336),(16811,7349),(16812,7180),(16813,7181),(16814,7181),(16815,7184),(16816,7180),(16817,7350),(16818,7183),(16819,7183),(16820,7204),(16820,7351),(16821,7182),(16822,7265),(16823,7277),(16824,7352),(16825,7353),(16826,7326),(16827,7184),(16827,7354),(16828,7350),(16829,7279),(16830,7351),(16831,7350),(16831,7326),(16832,7355),(16833,7196),(16834,7356),(16834,7357),(16834,7358),(16835,7336),(16835,7359),(16835,7349),(16836,7194),(16837,7336),(16837,7359),(16837,7349),(16838,7194),(16839,7196),(16840,7356),(16840,7357),(16840,7358),(16841,7336),(16841,7359),(16841,7349),(16841,7360),(16842,7202),(16843,7194),(16843,7180),(16844,7197),(16844,7182),(16845,7194),(16846,7204),(16847,7361),(16847,7183),(16848,7204),(16849,7197),(16850,7362),(16851,7197),(16852,7204),(16853,7204),(16854,7265),(16855,7194),(16856,7197),(16857,7363),(16857,7364),(16858,7196),(16858,7365),(16859,7201),(16859,7182),(16860,7204),(16860,7351),(16861,7202),(16862,7202),(16863,7361),(16863,7183),(16864,7199),(16865,7205),(16866,7199),(16867,7204),(16868,7204),(16869,7204),(16870,7207),(16870,7280),(16871,7207),(16871,7280),(16872,7265),(16873,7219),(16874,7265),(16875,7240),(16875,7366),(16876,7240),(16877,7270),(16878,7367),(16879,7270),(16880,7367),(16881,7350),(16882,7368),(16883,7239),(16884,7368),(16885,7279),(16886,7270),(16887,7369),(16888,7370),(16888,7371),(16888,7368),(16888,7372),(16889,7240),(16889,7373),(16890,7247),(16890,7374),(16891,7182),(16892,7350),(16893,7265),(16894,7277),(16895,7350),(16896,7243),(16897,7350),(16898,7375),(16899,7375),(16900,7371),(16900,7368),(16901,7376),(16902,7377),(16903,7376),(16904,7377),(16905,7257),(16906,7378),(16906,7258),(16907,7345),(16907,7280),(16908,7279),(16909,7183),(16910,7371),(16911,7379),(16912,7265),(16913,7336),(16914,7380),(16915,7336),(16916,7380),(16917,7270),(16918,7369),(16919,7336),(16920,7270),(16921,7272),(16922,7272),(16922,7381),(16923,7270),(16924,7271),(16925,7369),(16926,7270),(16927,7356),(16928,7270),(16929,7271),(16930,7276),(16931,7270),(16932,7270),(16933,7196),(16933,7181),(16933,7296),(16933,7158),(16934,7265),(16935,7382),(16936,7382),(16936,7265),(16937,7383),(16938,7270),(16939,7279),(16940,7384),(16941,7384),(16942,7384),(16943,7265),(16944,7277),(16945,7385),(16946,7336),(16947,7192),(16948,7343),(16949,7295),(16950,7297),(16951,7270),(16952,7273),(16953,7274),(16954,7298),(16955,7299),(16956,7276),(16957,7278),(16958,7381),(16958,7275),(16958,7273),(16958,7372),(16959,7373),(16959,7241),(16960,7304),(16960,7374),(16961,7384),(16962,7301),(16963,7297),(16964,7274),(16965,7297),(16966,7384),(16967,7274),(16968,7386),(16969,7302),(16970,7387),(16971,7303),(16972,7387),(16973,7302),(16974,7303),(16975,7280),(16975,7345),(16976,7274),(16976,7381),(16977,7278),(16978,7388),(16978,7248),(16978,7389),(16979,7303),(16980,7390),(16981,7391),(16981,7389),(16982,7296),(16983,7305),(16984,7388),(16984,7248),(16984,7305),(16985,7336),(16986,7272),(16987,7157),(16988,7337),(16989,7337),(16990,7338),(16990,7171),(16991,7273),(16992,7280),(16993,7337),(16994,7276),(16995,7273),(16996,7163),(16997,7165),(16998,7339),(16999,7340),(17000,7341),(17001,7277),(17002,7161),(17002,7342),(17003,7343),(17004,7157),(17005,7278),(17006,7344),(17007,7280),(17007,7345),(17008,7346),(17009,7159),(17010,7340),(17011,7172),(17012,7347),(17013,7344),(17014,7348),(17015,7277),(17016,7172),(17017,7340),(17018,7336),(17018,7349),(17019,7180),(17020,7181),(17021,7181),(17022,7184),(17023,7180),(17024,7350),(17025,7183),(17026,7183),(17027,7204),(17027,7351),(17028,7182),(17029,7265),(17030,7277),(17031,7352),(17032,7353),(17033,7326),(17034,7184),(17034,7354),(17035,7350),(17036,7279),(17037,7351),(17038,7350),(17038,7326),(17039,7355),(17040,7196),(17041,7356),(17041,7357),(17041,7358),(17042,7336),(17042,7359),(17042,7349),(17043,7194),(17044,7336),(17044,7359),(17044,7349),(17045,7194),(17046,7196),(17047,7356),(17047,7357),(17047,7358),(17048,7336),(17048,7359),(17048,7349),(17048,7360),(17049,7202),(17050,7194),(17050,7180),(17051,7197),(17051,7182),(17052,7194),(17053,7204),(17054,7361),(17054,7183),(17055,7204),(17056,7197),(17057,7362),(17058,7197),(17059,7204),(17060,7204),(17061,7265),(17062,7194),(17063,7197),(17064,7363),(17064,7364),(17065,7196),(17065,7365),(17066,7201),(17066,7182),(17067,7204),(17067,7351),(17068,7202),(17069,7202),(17070,7361),(17070,7183),(17071,7199),(17072,7205),(17073,7199),(17074,7204),(17075,7204),(17076,7204),(17077,7207),(17077,7280),(17078,7207),(17078,7280),(17079,7265),(17080,7219),(17081,7265),(17082,7240),(17082,7366),(17083,7240),(17084,7270),(17085,7367),(17086,7270),(17087,7367),(17088,7350),(17089,7368),(17090,7239),(17091,7368),(17092,7279),(17093,7270),(17094,7369),(17095,7370),(17095,7371),(17095,7368),(17095,7372),(17096,7240),(17096,7373),(17097,7247),(17097,7374),(17098,7182),(17099,7350),(17100,7265),(17101,7277),(17102,7350),(17103,7243),(17104,7350),(17105,7375),(17106,7375),(17107,7371),(17107,7368),(17108,7376),(17109,7377),(17110,7376),(17111,7377),(17112,7257),(17113,7378),(17113,7258),(17114,7345),(17114,7280),(17115,7279),(17116,7183),(17117,7371),(17118,7379),(17119,7265),(17120,7336),(17121,7380),(17122,7336),(17123,7380),(17124,7270),(17125,7369),(17126,7336),(17127,7270),(17128,7272),(17129,7272),(17129,7381),(17130,7270),(17131,7271),(17132,7369),(17133,7270),(17134,7356),(17135,7270),(17136,7271),(17137,7276),(17138,7270),(17139,7270),(17140,7196),(17140,7181),(17140,7296),(17140,7158),(17141,7265),(17142,7382),(17143,7382),(17143,7265),(17144,7383),(17145,7270),(17146,7279),(17147,7384),(17148,7384),(17149,7384),(17150,7265),(17151,7277),(17152,7385),(17153,7336),(17154,7192),(17155,7343),(17156,7295),(17157,7297),(17158,7270),(17159,7273),(17160,7274),(17161,7298),(17162,7299),(17163,7276),(17164,7278),(17165,7381),(17165,7275),(17165,7273),(17165,7372),(17166,7373),(17166,7241),(17167,7304),(17167,7374),(17168,7384),(17169,7301),(17170,7297),(17171,7274),(17172,7297),(17173,7384),(17174,7274),(17175,7386),(17176,7302),(17177,7387),(17178,7303),(17179,7387),(17180,7302),(17181,7303),(17182,7280),(17182,7345),(17183,7274),(17183,7381),(17184,7278),(17185,7388),(17185,7248),(17185,7389),(17186,7303),(17187,7390),(17188,7391),(17188,7389),(17189,7296),(17190,7305),(17191,7388),(17191,7248),(17191,7305),(17192,7356),(17192,7357),(17192,7358),(17192,7359),(17192,7349),(17193,7196),(17194,7361),(17194,7183),(17195,7204),(17196,7392),(17196,7265),(17197,7393),(17198,7326),(17199,7393),(17200,7394),(17201,7343),(17202,7369),(17203,7395),(17204,7373),(17205,7327),(17206,7202),(17207,7394),(17208,7393),(17209,7327),(17210,7396),(17211,7397),(17212,7394),(17213,7393),(17214,7327),(17215,7331);
/*!40000 ALTER TABLE `Satisfies` ENABLE KEYS */;
UNLOCK TABLES;

--
-- Table structure for table `Teaches`
--

DROP TABLE IF EXISTS `Teaches`;
/*!40101 SET @saved_cs_client     = @@character_set_client */;
/*!40101 SET character_set_client = utf8 */;
CREATE TABLE `Teaches` (
  `UserID` char(7) NOT NULL,
  `ClassID` int(11) NOT NULL,
  KEY `fk_Teaches_User1` (`UserID`),
  KEY `fk_Teaches_Class1` (`ClassID`),
  CONSTRAINT `fk_Teaches_Class1` FOREIGN KEY (`ClassID`) REFERENCES `Class` (`ClassID`) ON DELETE NO ACTION ON UPDATE NO ACTION,
  CONSTRAINT `fk_Teaches_User1` FOREIGN KEY (`UserID`) REFERENCES `User` (`UserID`) ON DELETE NO ACTION ON UPDATE NO ACTION
) ENGINE=InnoDB DEFAULT CHARSET=latin1;
/*!40101 SET character_set_client = @saved_cs_client */;

--
-- Dumping data for table `Teaches`
--

LOCK TABLES `Teaches` WRITE;
/*!40000 ALTER TABLE `Teaches` DISABLE KEYS */;
/*!40000 ALTER TABLE `Teaches` ENABLE KEYS */;
UNLOCK TABLES;

--
-- Table structure for table `Class`
--

DROP TABLE IF EXISTS `Class`;
/*!40101 SET @saved_cs_client     = @@character_set_client */;
/*!40101 SET character_set_client = utf8 */;
CREATE TABLE `Class` (
  `ClassID` int(11) NOT NULL auto_increment,
  `Year` year(4) NOT NULL,
  `Semester` tinyint(4) NOT NULL,
  `Section` varchar(4) NOT NULL,
  `CourseID` int(10) unsigned NOT NULL,
  PRIMARY KEY  (`ClassID`),
  KEY `ClassCourse` (`CourseID`),
  CONSTRAINT `ClassCourse` FOREIGN KEY (`CourseID`) REFERENCES `Course` (`CourseID`) ON DELETE NO ACTION ON UPDATE NO ACTION
) ENGINE=InnoDB AUTO_INCREMENT=14497 DEFAULT CHARSET=latin1;
/*!40101 SET character_set_client = @saved_cs_client */;

--
-- Dumping data for table `Class`
--

LOCK TABLES `Class` WRITE;
/*!40000 ALTER TABLE `Class` DISABLE KEYS */;
INSERT INTO `Class` VALUES (12144,2009,4,'V',7157),(12145,2009,4,'L',7158),(12146,2009,4,'V',7158),(12147,2009,4,'M',7159),(12148,2009,4,'V',7159),(12149,2009,4,'L',7160),(12150,2009,4,'V',7160),(12151,2009,4,'V',7157),(12152,2009,4,'L',7158),(12153,2009,4,'V',7158),(12154,2009,4,'M',7159),(12155,2009,4,'V',7159),(12156,2009,4,'L',7160),(12157,2009,4,'V',7160),(12158,2009,4,'V',7163),(12159,2009,4,'VA',7163),(12160,2009,4,'VB',7163),(12161,2009,4,'VV',7164),(12162,2009,4,'VA',7164),(12163,2009,4,'V',7165),(12164,2009,4,'V',7157),(12165,2009,4,'L',7158),(12166,2009,4,'V',7158),(12167,2009,4,'M',7159),(12168,2009,4,'V',7159),(12169,2009,4,'L',7160),(12170,2009,4,'V',7160),(12171,2009,4,'V',7163),(12172,2009,4,'VA',7163),(12173,2009,4,'VB',7163),(12174,2009,4,'VV',7164),(12175,2009,4,'VA',7164),(12176,2009,4,'V',7165),(12177,2009,4,'V',7170),(12178,2009,4,'V',7172),(12179,2009,4,'VA',7172),(12180,2009,4,'VV',7173),(12181,2009,4,'VA',7173),(12182,2009,4,'VV',7174),(12183,2009,4,'V',7175),(12184,2009,4,'VA',7175),(12185,2009,4,'VV',7177),(12186,2009,4,'V',7157),(12187,2009,4,'L',7158),(12188,2009,4,'V',7158),(12189,2009,4,'M',7159),(12190,2009,4,'V',7159),(12191,2009,4,'L',7160),(12192,2009,4,'V',7160),(12193,2009,4,'V',7163),(12194,2009,4,'VA',7163),(12195,2009,4,'VB',7163),(12196,2009,4,'VV',7164),(12197,2009,4,'VA',7164),(12198,2009,4,'V',7165),(12199,2009,4,'V',7170),(12200,2009,4,'V',7172),(12201,2009,4,'VA',7172),(12202,2009,4,'VV',7173),(12203,2009,4,'VA',7173),(12204,2009,4,'VV',7174),(12205,2009,4,'V',7175),(12206,2009,4,'VA',7175),(12207,2009,4,'VV',7177),(12208,2009,4,'Y',7180),(12209,2009,4,'J',7181),(12210,2009,4,'W',7182),(12211,2009,4,'W',7183),(12212,2009,4,'WA',7183),(12213,2009,4,'WB',7183),(12214,2009,4,'WC',7183),(12215,2009,4,'U',7184),(12216,2009,4,'UA',7184),(12217,2009,4,'UB',7184),(12218,2009,4,'UC',7184),(12219,2009,4,'UD',7184),(12220,2009,4,'U',7185),(12221,2009,4,'UA',7185),(12222,2009,4,'UB',7185),(12223,2009,4,'UC',7185),(12224,2009,4,'U',7186),(12225,2009,4,'Y',7187),(12226,2009,4,'YA',7187),(12227,2009,4,'YB',7187),(12228,2009,4,'W',7188),(12229,2009,4,'U',7189),(12230,2009,4,'W',7190),(12231,2009,4,'U',7191),(12232,2009,4,'V',7157),(12233,2009,4,'L',7158),(12234,2009,4,'V',7158),(12235,2009,4,'M',7159),(12236,2009,4,'V',7159),(12237,2009,4,'L',7160),(12238,2009,4,'V',7160),(12239,2009,4,'V',7163),(12240,2009,4,'VA',7163),(12241,2009,4,'VB',7163),(12242,2009,4,'VV',7164),(12243,2009,4,'VA',7164),(12244,2009,4,'V',7165),(12245,2009,4,'V',7170),(12246,2009,4,'V',7172),(12247,2009,4,'VA',7172),(12248,2009,4,'VV',7173),(12249,2009,4,'VA',7173),(12250,2009,4,'VV',7174),(12251,2009,4,'V',7175),(12252,2009,4,'VA',7175),(12253,2009,4,'VV',7177),(12254,2009,4,'Y',7180),(12255,2009,4,'J',7181),(12256,2009,4,'W',7182),(12257,2009,4,'W',7183),(12258,2009,4,'WA',7183),(12259,2009,4,'WB',7183),(12260,2009,4,'WC',7183),(12261,2009,4,'U',7184),(12262,2009,4,'UA',7184),(12263,2009,4,'UB',7184),(12264,2009,4,'UC',7184),(12265,2009,4,'UD',7184),(12266,2009,4,'U',7185),(12267,2009,4,'UA',7185),(12268,2009,4,'UB',7185),(12269,2009,4,'UC',7185),(12270,2009,4,'U',7186),(12271,2009,4,'Y',7187),(12272,2009,4,'YA',7187),(12273,2009,4,'YB',7187),(12274,2009,4,'W',7188),(12275,2009,4,'U',7189),(12276,2009,4,'W',7190),(12277,2009,4,'U',7191),(12278,2009,4,'Q',7192),(12279,2009,4,'DD',7193),(12280,2009,4,'PP',7193),(12281,2009,4,'NN',7194),(12282,2009,4,'D',7195),(12283,2009,4,'N',7195),(12284,2009,4,'U',7196),(12285,2009,4,'PP',7197),(12286,2009,4,'U',7197),(12287,2009,4,'DD',7198),(12288,2009,4,'N',7199),(12289,2009,4,'NN',7202),(12290,2009,4,'NA',7202),(12291,2009,4,'NB',7202),(12292,2009,4,'E',7203),(12293,2009,4,'X',7204),(12294,2009,4,'X',7205),(12295,2009,4,'XA',7205),(12296,2009,4,'XB',7205),(12297,2009,4,'PP',7206),(12298,2009,4,'PA',7206),(12299,2009,4,'PB',7206),(12300,2009,4,'NN',7207),(12301,2009,4,'R',7209),(12302,2009,4,'N',7210),(12303,2009,4,'N',7211),(12304,2009,4,'NA',7211),(12305,2009,4,'NB',7211),(12306,2009,4,'NN',7212),(12307,2009,4,'NN',7213),(12308,2009,4,'NN',7215),(12309,2009,4,'UU',7216),(12310,2009,4,'N',7217),(12311,2009,4,'NN',7218),(12312,2009,4,'V',7157),(12313,2009,4,'L',7158),(12314,2009,4,'V',7158),(12315,2009,4,'M',7159),(12316,2009,4,'V',7159),(12317,2009,4,'L',7160),(12318,2009,4,'V',7160),(12319,2009,4,'V',7163),(12320,2009,4,'VA',7163),(12321,2009,4,'VB',7163),(12322,2009,4,'VV',7164),(12323,2009,4,'VA',7164),(12324,2009,4,'V',7165),(12325,2009,4,'V',7170),(12326,2009,4,'V',7172),(12327,2009,4,'VA',7172),(12328,2009,4,'VV',7173),(12329,2009,4,'VA',7173),(12330,2009,4,'VV',7174),(12331,2009,4,'V',7175),(12332,2009,4,'VA',7175),(12333,2009,4,'VV',7177),(12334,2009,4,'Y',7180),(12335,2009,4,'J',7181),(12336,2009,4,'W',7182),(12337,2009,4,'W',7183),(12338,2009,4,'WA',7183),(12339,2009,4,'WB',7183),(12340,2009,4,'WC',7183),(12341,2009,4,'U',7184),(12342,2009,4,'UA',7184),(12343,2009,4,'UB',7184),(12344,2009,4,'UC',7184),(12345,2009,4,'UD',7184),(12346,2009,4,'U',7185),(12347,2009,4,'UA',7185),(12348,2009,4,'UB',7185),(12349,2009,4,'UC',7185),(12350,2009,4,'U',7186),(12351,2009,4,'Y',7187),(12352,2009,4,'YA',7187),(12353,2009,4,'YB',7187),(12354,2009,4,'W',7188),(12355,2009,4,'U',7189),(12356,2009,4,'W',7190),(12357,2009,4,'U',7191),(12358,2009,4,'Q',7192),(12359,2009,4,'DD',7193),(12360,2009,4,'PP',7193),(12361,2009,4,'NN',7194),(12362,2009,4,'D',7195),(12363,2009,4,'N',7195),(12364,2009,4,'U',7196),(12365,2009,4,'PP',7197),(12366,2009,4,'U',7197),(12367,2009,4,'DD',7198),(12368,2009,4,'N',7199),(12369,2009,4,'NN',7202),(12370,2009,4,'NA',7202),(12371,2009,4,'NB',7202),(12372,2009,4,'E',7203),(12373,2009,4,'X',7204),(12374,2009,4,'X',7205),(12375,2009,4,'XA',7205),(12376,2009,4,'XB',7205),(12377,2009,4,'PP',7206),(12378,2009,4,'PA',7206),(12379,2009,4,'PB',7206),(12380,2009,4,'NN',7207),(12381,2009,4,'R',7209),(12382,2009,4,'N',7210),(12383,2009,4,'N',7211),(12384,2009,4,'NA',7211),(12385,2009,4,'NB',7211),(12386,2009,4,'NN',7212),(12387,2009,4,'NN',7213),(12388,2009,4,'NN',7215),(12389,2009,4,'UU',7216),(12390,2009,4,'N',7217),(12391,2009,4,'NN',7218),(12392,2009,4,'V',7157),(12393,2009,4,'L',7158),(12394,2009,4,'V',7158),(12395,2009,4,'M',7159),(12396,2009,4,'V',7159),(12397,2009,4,'L',7160),(12398,2009,4,'V',7160),(12399,2009,4,'V',7163),(12400,2009,4,'VA',7163),(12401,2009,4,'VB',7163),(12402,2009,4,'VV',7164),(12403,2009,4,'VA',7164),(12404,2009,4,'V',7165),(12405,2009,4,'V',7170),(12406,2009,4,'V',7172),(12407,2009,4,'VA',7172),(12408,2009,4,'VV',7173),(12409,2009,4,'VA',7173),(12410,2009,4,'VV',7174),(12411,2009,4,'V',7175),(12412,2009,4,'VA',7175),(12413,2009,4,'VV',7177),(12414,2009,4,'Y',7180),(12415,2009,4,'J',7181),(12416,2009,4,'W',7182),(12417,2009,4,'W',7183),(12418,2009,4,'WA',7183),(12419,2009,4,'WB',7183),(12420,2009,4,'WC',7183),(12421,2009,4,'U',7184),(12422,2009,4,'UA',7184),(12423,2009,4,'UB',7184),(12424,2009,4,'UC',7184),(12425,2009,4,'UD',7184),(12426,2009,4,'U',7185),(12427,2009,4,'UA',7185),(12428,2009,4,'UB',7185),(12429,2009,4,'UC',7185),(12430,2009,4,'U',7186),(12431,2009,4,'Y',7187),(12432,2009,4,'YA',7187),(12433,2009,4,'YB',7187),(12434,2009,4,'W',7188),(12435,2009,4,'U',7189),(12436,2009,4,'W',7190),(12437,2009,4,'U',7191),(12438,2009,4,'Q',7192),(12439,2009,4,'DD',7193),(12440,2009,4,'PP',7193),(12441,2009,4,'NN',7194),(12442,2009,4,'D',7195),(12443,2009,4,'N',7195),(12444,2009,4,'U',7196),(12445,2009,4,'PP',7197),(12446,2009,4,'U',7197),(12447,2009,4,'DD',7198),(12448,2009,4,'N',7199),(12449,2009,4,'NN',7202),(12450,2009,4,'NA',7202),(12451,2009,4,'NB',7202),(12452,2009,4,'E',7203),(12453,2009,4,'X',7204),(12454,2009,4,'X',7205),(12455,2009,4,'XA',7205),(12456,2009,4,'XB',7205),(12457,2009,4,'PP',7206),(12458,2009,4,'PA',7206),(12459,2009,4,'PB',7206),(12460,2009,4,'NN',7207),(12461,2009,4,'R',7209),(12462,2009,4,'N',7210),(12463,2009,4,'N',7211),(12464,2009,4,'NA',7211),(12465,2009,4,'NB',7211),(12466,2009,4,'NN',7212),(12467,2009,4,'NN',7213),(12468,2009,4,'NN',7215),(12469,2009,4,'UU',7216),(12470,2009,4,'N',7217),(12471,2009,4,'NN',7218),(12472,2009,4,'V',7157),(12473,2009,4,'L',7158),(12474,2009,4,'V',7158),(12475,2009,4,'M',7159),(12476,2009,4,'V',7159),(12477,2009,4,'L',7160),(12478,2009,4,'V',7160),(12479,2009,4,'V',7163),(12480,2009,4,'VA',7163),(12481,2009,4,'VB',7163),(12482,2009,4,'VV',7164),(12483,2009,4,'VA',7164),(12484,2009,4,'V',7165),(12485,2009,4,'V',7170),(12486,2009,4,'V',7172),(12487,2009,4,'VA',7172),(12488,2009,4,'VV',7173),(12489,2009,4,'VA',7173),(12490,2009,4,'VV',7174),(12491,2009,4,'V',7175),(12492,2009,4,'VA',7175),(12493,2009,4,'VV',7177),(12494,2009,4,'Y',7180),(12495,2009,4,'J',7181),(12496,2009,4,'W',7182),(12497,2009,4,'W',7183),(12498,2009,4,'WA',7183),(12499,2009,4,'WB',7183),(12500,2009,4,'WC',7183),(12501,2009,4,'U',7184),(12502,2009,4,'UA',7184),(12503,2009,4,'UB',7184),(12504,2009,4,'UC',7184),(12505,2009,4,'UD',7184),(12506,2009,4,'U',7185),(12507,2009,4,'UA',7185),(12508,2009,4,'UB',7185),(12509,2009,4,'UC',7185),(12510,2009,4,'U',7186),(12511,2009,4,'Y',7187),(12512,2009,4,'YA',7187),(12513,2009,4,'YB',7187),(12514,2009,4,'W',7188),(12515,2009,4,'U',7189),(12516,2009,4,'W',7190),(12517,2009,4,'U',7191),(12518,2009,4,'Q',7192),(12519,2009,4,'DD',7193),(12520,2009,4,'PP',7193),(12521,2009,4,'NN',7194),(12522,2009,4,'D',7195),(12523,2009,4,'N',7195),(12524,2009,4,'U',7196),(12525,2009,4,'PP',7197),(12526,2009,4,'U',7197),(12527,2009,4,'DD',7198),(12528,2009,4,'N',7199),(12529,2009,4,'NN',7202),(12530,2009,4,'NA',7202),(12531,2009,4,'NB',7202),(12532,2009,4,'E',7203),(12533,2009,4,'X',7204),(12534,2009,4,'X',7205),(12535,2009,4,'XA',7205),(12536,2009,4,'XB',7205),(12537,2009,4,'PP',7206),(12538,2009,4,'PA',7206),(12539,2009,4,'PB',7206),(12540,2009,4,'NN',7207),(12541,2009,4,'R',7209),(12542,2009,4,'N',7210),(12543,2009,4,'N',7211),(12544,2009,4,'NA',7211),(12545,2009,4,'NB',7211),(12546,2009,4,'NN',7212),(12547,2009,4,'NN',7213),(12548,2009,4,'NN',7215),(12549,2009,4,'UU',7216),(12550,2009,4,'N',7217),(12551,2009,4,'NN',7218),(12552,2009,4,'U',7238),(12553,2009,4,'W',7239),(12554,2009,4,'W',7240),(12555,2009,4,'WA',7240),(12556,2009,4,'WB',7240),(12557,2009,4,'WC',7240),(12558,2009,4,'JJ',7241),(12559,2009,4,'JA',7241),(12560,2009,4,'JB',7241),(12561,2009,4,'JC',7241),(12562,2009,4,'N',7241),(12563,2009,4,'NA',7241),(12564,2009,4,'NB',7241),(12565,2009,4,'NC',7241),(12566,2009,4,'W',7242),(12567,2009,4,'WA',7242),(12568,2009,4,'WB',7242),(12569,2009,4,'W',7243),(12570,2009,4,'WA',7243),(12571,2009,4,'WB',7243),(12572,2009,4,'WC',7243),(12573,2009,4,'W',7244),(12574,2009,4,'U',7245),(12575,2009,4,'W',7246),(12576,2009,4,'U',7247),(12577,2009,4,'UA',7247),(12578,2009,4,'UB',7247),(12579,2009,4,'UC',7247),(12580,2009,4,'U',7248),(12581,2009,4,'UA',7248),(12582,2009,4,'UB',7248),(12583,2009,4,'W',7249),(12584,2009,4,'X',7250),(12585,2009,4,'QP',7251),(12586,2009,4,'QP',7252),(12587,2009,4,'QP',7253),(12588,2009,4,'QP',7254),(12589,2009,4,'U',7256),(12590,2009,4,'U',7257),(12591,2009,4,'U',7260),(12592,2009,4,'WW',7261),(12593,2009,4,'UU',7262),(12594,2009,4,'V',7157),(12595,2009,4,'L',7158),(12596,2009,4,'V',7158),(12597,2009,4,'M',7159),(12598,2009,4,'V',7159),(12599,2009,4,'L',7160),(12600,2009,4,'V',7160),(12601,2009,4,'V',7163),(12602,2009,4,'VA',7163),(12603,2009,4,'VB',7163),(12604,2009,4,'VV',7164),(12605,2009,4,'VA',7164),(12606,2009,4,'V',7165),(12607,2009,4,'V',7170),(12608,2009,4,'V',7172),(12609,2009,4,'VA',7172),(12610,2009,4,'VV',7173),(12611,2009,4,'VA',7173),(12612,2009,4,'VV',7174),(12613,2009,4,'V',7175),(12614,2009,4,'VA',7175),(12615,2009,4,'VV',7177),(12616,2009,4,'Y',7180),(12617,2009,4,'J',7181),(12618,2009,4,'W',7182),(12619,2009,4,'W',7183),(12620,2009,4,'WA',7183),(12621,2009,4,'WB',7183),(12622,2009,4,'WC',7183),(12623,2009,4,'U',7184),(12624,2009,4,'UA',7184),(12625,2009,4,'UB',7184),(12626,2009,4,'UC',7184),(12627,2009,4,'UD',7184),(12628,2009,4,'U',7185),(12629,2009,4,'UA',7185),(12630,2009,4,'UB',7185),(12631,2009,4,'UC',7185),(12632,2009,4,'U',7186),(12633,2009,4,'Y',7187),(12634,2009,4,'YA',7187),(12635,2009,4,'YB',7187),(12636,2009,4,'W',7188),(12637,2009,4,'U',7189),(12638,2009,4,'W',7190),(12639,2009,4,'U',7191),(12640,2009,4,'Q',7192),(12641,2009,4,'DD',7193),(12642,2009,4,'PP',7193),(12643,2009,4,'NN',7194),(12644,2009,4,'D',7195),(12645,2009,4,'N',7195),(12646,2009,4,'U',7196),(12647,2009,4,'PP',7197),(12648,2009,4,'U',7197),(12649,2009,4,'DD',7198),(12650,2009,4,'N',7199),(12651,2009,4,'NN',7202),(12652,2009,4,'NA',7202),(12653,2009,4,'NB',7202),(12654,2009,4,'E',7203),(12655,2009,4,'X',7204),(12656,2009,4,'X',7205),(12657,2009,4,'XA',7205),(12658,2009,4,'XB',7205),(12659,2009,4,'PP',7206),(12660,2009,4,'PA',7206),(12661,2009,4,'PB',7206),(12662,2009,4,'NN',7207),(12663,2009,4,'R',7209),(12664,2009,4,'N',7210),(12665,2009,4,'N',7211),(12666,2009,4,'NA',7211),(12667,2009,4,'NB',7211),(12668,2009,4,'NN',7212),(12669,2009,4,'NN',7213),(12670,2009,4,'NN',7215),(12671,2009,4,'UU',7216),(12672,2009,4,'N',7217),(12673,2009,4,'NN',7218),(12674,2009,4,'U',7238),(12675,2009,4,'W',7239),(12676,2009,4,'W',7240),(12677,2009,4,'WA',7240),(12678,2009,4,'WB',7240),(12679,2009,4,'WC',7240),(12680,2009,4,'JJ',7241),(12681,2009,4,'JA',7241),(12682,2009,4,'JB',7241),(12683,2009,4,'JC',7241),(12684,2009,4,'N',7241),(12685,2009,4,'NA',7241),(12686,2009,4,'NB',7241),(12687,2009,4,'NC',7241),(12688,2009,4,'W',7242),(12689,2009,4,'WA',7242),(12690,2009,4,'WB',7242),(12691,2009,4,'W',7243),(12692,2009,4,'WA',7243),(12693,2009,4,'WB',7243),(12694,2009,4,'WC',7243),(12695,2009,4,'W',7244),(12696,2009,4,'U',7245),(12697,2009,4,'W',7246),(12698,2009,4,'U',7247),(12699,2009,4,'UA',7247),(12700,2009,4,'UB',7247),(12701,2009,4,'UC',7247),(12702,2009,4,'U',7248),(12703,2009,4,'UA',7248),(12704,2009,4,'UB',7248),(12705,2009,4,'W',7249),(12706,2009,4,'X',7250),(12707,2009,4,'QP',7251),(12708,2009,4,'QP',7252),(12709,2009,4,'QP',7253),(12710,2009,4,'QP',7254),(12711,2009,4,'U',7256),(12712,2009,4,'U',7257),(12713,2009,4,'U',7260),(12714,2009,4,'WW',7261),(12715,2009,4,'UU',7262),(12716,2009,4,'E',7264),(12717,2009,4,'II',7264),(12718,2009,4,'EE',7265),(12719,2009,4,'Y',7265),(12720,2009,4,'V',7157),(12721,2009,4,'L',7158),(12722,2009,4,'V',7158),(12723,2009,4,'M',7159),(12724,2009,4,'V',7159),(12725,2009,4,'L',7160),(12726,2009,4,'V',7160),(12727,2009,4,'V',7163),(12728,2009,4,'VA',7163),(12729,2009,4,'VB',7163),(12730,2009,4,'VV',7164),(12731,2009,4,'VA',7164),(12732,2009,4,'V',7165),(12733,2009,4,'V',7170),(12734,2009,4,'V',7172),(12735,2009,4,'VA',7172),(12736,2009,4,'VV',7173),(12737,2009,4,'VA',7173),(12738,2009,4,'VV',7174),(12739,2009,4,'V',7175),(12740,2009,4,'VA',7175),(12741,2009,4,'VV',7177),(12742,2009,4,'Y',7180),(12743,2009,4,'J',7181),(12744,2009,4,'W',7182),(12745,2009,4,'W',7183),(12746,2009,4,'WA',7183),(12747,2009,4,'WB',7183),(12748,2009,4,'WC',7183),(12749,2009,4,'U',7184),(12750,2009,4,'UA',7184),(12751,2009,4,'UB',7184),(12752,2009,4,'UC',7184),(12753,2009,4,'UD',7184),(12754,2009,4,'U',7185),(12755,2009,4,'UA',7185),(12756,2009,4,'UB',7185),(12757,2009,4,'UC',7185),(12758,2009,4,'U',7186),(12759,2009,4,'Y',7187),(12760,2009,4,'YA',7187),(12761,2009,4,'YB',7187),(12762,2009,4,'W',7188),(12763,2009,4,'U',7189),(12764,2009,4,'W',7190),(12765,2009,4,'U',7191),(12766,2009,4,'Q',7192),(12767,2009,4,'DD',7193),(12768,2009,4,'PP',7193),(12769,2009,4,'NN',7194),(12770,2009,4,'D',7195),(12771,2009,4,'N',7195),(12772,2009,4,'U',7196),(12773,2009,4,'PP',7197),(12774,2009,4,'U',7197),(12775,2009,4,'DD',7198),(12776,2009,4,'N',7199),(12777,2009,4,'NN',7202),(12778,2009,4,'NA',7202),(12779,2009,4,'NB',7202),(12780,2009,4,'E',7203),(12781,2009,4,'X',7204),(12782,2009,4,'X',7205),(12783,2009,4,'XA',7205),(12784,2009,4,'XB',7205),(12785,2009,4,'PP',7206),(12786,2009,4,'PA',7206),(12787,2009,4,'PB',7206),(12788,2009,4,'NN',7207),(12789,2009,4,'R',7209),(12790,2009,4,'N',7210),(12791,2009,4,'N',7211),(12792,2009,4,'NA',7211),(12793,2009,4,'NB',7211),(12794,2009,4,'NN',7212),(12795,2009,4,'NN',7213),(12796,2009,4,'NN',7215),(12797,2009,4,'UU',7216),(12798,2009,4,'N',7217),(12799,2009,4,'NN',7218),(12800,2009,4,'U',7238),(12801,2009,4,'W',7239),(12802,2009,4,'W',7240),(12803,2009,4,'WA',7240),(12804,2009,4,'WB',7240),(12805,2009,4,'WC',7240),(12806,2009,4,'JJ',7241),(12807,2009,4,'JA',7241),(12808,2009,4,'JB',7241),(12809,2009,4,'JC',7241),(12810,2009,4,'N',7241),(12811,2009,4,'NA',7241),(12812,2009,4,'NB',7241),(12813,2009,4,'NC',7241),(12814,2009,4,'W',7242),(12815,2009,4,'WA',7242),(12816,2009,4,'WB',7242),(12817,2009,4,'W',7243),(12818,2009,4,'WA',7243),(12819,2009,4,'WB',7243),(12820,2009,4,'WC',7243),(12821,2009,4,'W',7244),(12822,2009,4,'U',7245),(12823,2009,4,'W',7246),(12824,2009,4,'U',7247),(12825,2009,4,'UA',7247),(12826,2009,4,'UB',7247),(12827,2009,4,'UC',7247),(12828,2009,4,'U',7248),(12829,2009,4,'UA',7248),(12830,2009,4,'UB',7248),(12831,2009,4,'W',7249),(12832,2009,4,'X',7250),(12833,2009,4,'QP',7251),(12834,2009,4,'QP',7252),(12835,2009,4,'QP',7253),(12836,2009,4,'QP',7254),(12837,2009,4,'U',7256),(12838,2009,4,'U',7257),(12839,2009,4,'U',7260),(12840,2009,4,'WW',7261),(12841,2009,4,'UU',7262),(12842,2009,4,'E',7264),(12843,2009,4,'II',7264),(12844,2009,4,'EE',7265),(12845,2009,4,'Y',7265),(12846,2009,4,'Q',7268),(12847,2009,4,'S',7268),(12848,2009,4,'F',7270),(12849,2009,4,'G',7270),(12850,2009,4,'J',7270),(12851,2009,4,'J',7271),(12852,2009,4,'R',7271),(12853,2009,4,'S',7271),(12854,2009,4,'T',7271),(12855,2009,4,'U',7271),(12856,2009,4,'V',7271),(12857,2009,4,'X',7271),(12858,2009,4,'J',7272),(12859,2009,4,'L',7272),(12860,2009,4,'T',7273),(12861,2009,4,'V',7273),(12862,2009,4,'X',7273),(12863,2009,4,'Y',7273),(12864,2009,4,'LL',7274),(12865,2009,4,'LA',7274),(12866,2009,4,'LB',7274),(12867,2009,4,'T',7274),(12868,2009,4,'TA',7274),(12869,2009,4,'TB',7274),(12870,2009,4,'TC',7274),(12871,2009,4,'V',7274),(12872,2009,4,'VA',7274),(12873,2009,4,'VB',7274),(12874,2009,4,'X',7274),(12875,2009,4,'XA',7274),(12876,2009,4,'XB',7274),(12877,2009,4,'XC',7274),(12878,2009,4,'V',7275),(12879,2009,4,'T',7276),(12880,2009,4,'V',7276),(12881,2009,4,'XX',7276),(12882,2009,4,'T',7278),(12883,2009,4,'X',7278),(12884,2009,4,'T',7279),(12885,2009,4,'W',7279),(12886,2009,4,'UU',7280),(12887,2009,4,'V',7280),(12888,2009,4,'X',7280),(12889,2009,4,'V',7157),(12890,2009,4,'L',7158),(12891,2009,4,'V',7158),(12892,2009,4,'M',7159),(12893,2009,4,'V',7159),(12894,2009,4,'L',7160),(12895,2009,4,'V',7160),(12896,2009,4,'V',7163),(12897,2009,4,'VA',7163),(12898,2009,4,'VB',7163),(12899,2009,4,'VV',7164),(12900,2009,4,'VA',7164),(12901,2009,4,'V',7165),(12902,2009,4,'V',7170),(12903,2009,4,'V',7172),(12904,2009,4,'VA',7172),(12905,2009,4,'VV',7173),(12906,2009,4,'VA',7173),(12907,2009,4,'VV',7174),(12908,2009,4,'V',7175),(12909,2009,4,'VA',7175),(12910,2009,4,'VV',7177),(12911,2009,4,'Y',7180),(12912,2009,4,'J',7181),(12913,2009,4,'W',7182),(12914,2009,4,'W',7183),(12915,2009,4,'WA',7183),(12916,2009,4,'WB',7183),(12917,2009,4,'WC',7183),(12918,2009,4,'U',7184),(12919,2009,4,'UA',7184),(12920,2009,4,'UB',7184),(12921,2009,4,'UC',7184),(12922,2009,4,'UD',7184),(12923,2009,4,'U',7185),(12924,2009,4,'UA',7185),(12925,2009,4,'UB',7185),(12926,2009,4,'UC',7185),(12927,2009,4,'U',7186),(12928,2009,4,'Y',7187),(12929,2009,4,'YA',7187),(12930,2009,4,'YB',7187),(12931,2009,4,'W',7188),(12932,2009,4,'U',7189),(12933,2009,4,'W',7190),(12934,2009,4,'U',7191),(12935,2009,4,'Q',7192),(12936,2009,4,'DD',7193),(12937,2009,4,'PP',7193),(12938,2009,4,'NN',7194),(12939,2009,4,'D',7195),(12940,2009,4,'N',7195),(12941,2009,4,'U',7196),(12942,2009,4,'PP',7197),(12943,2009,4,'U',7197),(12944,2009,4,'DD',7198),(12945,2009,4,'N',7199),(12946,2009,4,'NN',7202),(12947,2009,4,'NA',7202),(12948,2009,4,'NB',7202),(12949,2009,4,'E',7203),(12950,2009,4,'X',7204),(12951,2009,4,'X',7205),(12952,2009,4,'XA',7205),(12953,2009,4,'XB',7205),(12954,2009,4,'PP',7206),(12955,2009,4,'PA',7206),(12956,2009,4,'PB',7206),(12957,2009,4,'NN',7207),(12958,2009,4,'R',7209),(12959,2009,4,'N',7210),(12960,2009,4,'N',7211),(12961,2009,4,'NA',7211),(12962,2009,4,'NB',7211),(12963,2009,4,'NN',7212),(12964,2009,4,'NN',7213),(12965,2009,4,'NN',7215),(12966,2009,4,'UU',7216),(12967,2009,4,'N',7217),(12968,2009,4,'NN',7218),(12969,2009,4,'U',7238),(12970,2009,4,'W',7239),(12971,2009,4,'W',7240),(12972,2009,4,'WA',7240),(12973,2009,4,'WB',7240),(12974,2009,4,'WC',7240),(12975,2009,4,'JJ',7241),(12976,2009,4,'JA',7241),(12977,2009,4,'JB',7241),(12978,2009,4,'JC',7241),(12979,2009,4,'N',7241),(12980,2009,4,'NA',7241),(12981,2009,4,'NB',7241),(12982,2009,4,'NC',7241),(12983,2009,4,'W',7242),(12984,2009,4,'WA',7242),(12985,2009,4,'WB',7242),(12986,2009,4,'W',7243),(12987,2009,4,'WA',7243),(12988,2009,4,'WB',7243),(12989,2009,4,'WC',7243),(12990,2009,4,'W',7244),(12991,2009,4,'U',7245),(12992,2009,4,'W',7246),(12993,2009,4,'U',7247),(12994,2009,4,'UA',7247),(12995,2009,4,'UB',7247),(12996,2009,4,'UC',7247),(12997,2009,4,'U',7248),(12998,2009,4,'UA',7248),(12999,2009,4,'UB',7248),(13000,2009,4,'W',7249),(13001,2009,4,'X',7250),(13002,2009,4,'QP',7251),(13003,2009,4,'QP',7252),(13004,2009,4,'QP',7253),(13005,2009,4,'QP',7254),(13006,2009,4,'U',7256),(13007,2009,4,'U',7257),(13008,2009,4,'U',7260),(13009,2009,4,'WW',7261),(13010,2009,4,'UU',7262),(13011,2009,4,'E',7264),(13012,2009,4,'II',7264),(13013,2009,4,'EE',7265),(13014,2009,4,'Y',7265),(13015,2009,4,'Q',7268),(13016,2009,4,'S',7268),(13017,2009,4,'F',7270),(13018,2009,4,'G',7270),(13019,2009,4,'J',7270),(13020,2009,4,'J',7271),(13021,2009,4,'R',7271),(13022,2009,4,'S',7271),(13023,2009,4,'T',7271),(13024,2009,4,'U',7271),(13025,2009,4,'V',7271),(13026,2009,4,'X',7271),(13027,2009,4,'J',7272),(13028,2009,4,'L',7272),(13029,2009,4,'T',7273),(13030,2009,4,'V',7273),(13031,2009,4,'X',7273),(13032,2009,4,'Y',7273),(13033,2009,4,'LL',7274),(13034,2009,4,'LA',7274),(13035,2009,4,'LB',7274),(13036,2009,4,'T',7274),(13037,2009,4,'TA',7274),(13038,2009,4,'TB',7274),(13039,2009,4,'TC',7274),(13040,2009,4,'V',7274),(13041,2009,4,'VA',7274),(13042,2009,4,'VB',7274),(13043,2009,4,'X',7274),(13044,2009,4,'XA',7274),(13045,2009,4,'XB',7274),(13046,2009,4,'XC',7274),(13047,2009,4,'V',7275),(13048,2009,4,'T',7276),(13049,2009,4,'V',7276),(13050,2009,4,'XX',7276),(13051,2009,4,'T',7278),(13052,2009,4,'X',7278),(13053,2009,4,'T',7279),(13054,2009,4,'W',7279),(13055,2009,4,'UU',7280),(13056,2009,4,'V',7280),(13057,2009,4,'X',7280),(13058,2009,4,'V',7157),(13059,2009,4,'L',7158),(13060,2009,4,'V',7158),(13061,2009,4,'M',7159),(13062,2009,4,'V',7159),(13063,2009,4,'L',7160),(13064,2009,4,'V',7160),(13065,2009,4,'V',7163),(13066,2009,4,'VA',7163),(13067,2009,4,'VB',7163),(13068,2009,4,'VV',7164),(13069,2009,4,'VA',7164),(13070,2009,4,'V',7165),(13071,2009,4,'V',7170),(13072,2009,4,'V',7172),(13073,2009,4,'VA',7172),(13074,2009,4,'VV',7173),(13075,2009,4,'VA',7173),(13076,2009,4,'VV',7174),(13077,2009,4,'V',7175),(13078,2009,4,'VA',7175),(13079,2009,4,'VV',7177),(13080,2009,4,'Y',7180),(13081,2009,4,'J',7181),(13082,2009,4,'W',7182),(13083,2009,4,'W',7183),(13084,2009,4,'WA',7183),(13085,2009,4,'WB',7183),(13086,2009,4,'WC',7183),(13087,2009,4,'U',7184),(13088,2009,4,'UA',7184),(13089,2009,4,'UB',7184),(13090,2009,4,'UC',7184),(13091,2009,4,'UD',7184),(13092,2009,4,'U',7185),(13093,2009,4,'UA',7185),(13094,2009,4,'UB',7185),(13095,2009,4,'UC',7185),(13096,2009,4,'U',7186),(13097,2009,4,'Y',7187),(13098,2009,4,'YA',7187),(13099,2009,4,'YB',7187),(13100,2009,4,'W',7188),(13101,2009,4,'U',7189),(13102,2009,4,'W',7190),(13103,2009,4,'U',7191),(13104,2009,4,'Q',7192),(13105,2009,4,'DD',7193),(13106,2009,4,'PP',7193),(13107,2009,4,'NN',7194),(13108,2009,4,'D',7195),(13109,2009,4,'N',7195),(13110,2009,4,'U',7196),(13111,2009,4,'PP',7197),(13112,2009,4,'U',7197),(13113,2009,4,'DD',7198),(13114,2009,4,'N',7199),(13115,2009,4,'NN',7202),(13116,2009,4,'NA',7202),(13117,2009,4,'NB',7202),(13118,2009,4,'E',7203),(13119,2009,4,'X',7204),(13120,2009,4,'X',7205),(13121,2009,4,'XA',7205),(13122,2009,4,'XB',7205),(13123,2009,4,'PP',7206),(13124,2009,4,'PA',7206),(13125,2009,4,'PB',7206),(13126,2009,4,'NN',7207),(13127,2009,4,'R',7209),(13128,2009,4,'N',7210),(13129,2009,4,'N',7211),(13130,2009,4,'NA',7211),(13131,2009,4,'NB',7211),(13132,2009,4,'NN',7212),(13133,2009,4,'NN',7213),(13134,2009,4,'NN',7215),(13135,2009,4,'UU',7216),(13136,2009,4,'N',7217),(13137,2009,4,'NN',7218),(13138,2009,4,'U',7238),(13139,2009,4,'W',7239),(13140,2009,4,'W',7240),(13141,2009,4,'WA',7240),(13142,2009,4,'WB',7240),(13143,2009,4,'WC',7240),(13144,2009,4,'JJ',7241),(13145,2009,4,'JA',7241),(13146,2009,4,'JB',7241),(13147,2009,4,'JC',7241),(13148,2009,4,'N',7241),(13149,2009,4,'NA',7241),(13150,2009,4,'NB',7241),(13151,2009,4,'NC',7241),(13152,2009,4,'W',7242),(13153,2009,4,'WA',7242),(13154,2009,4,'WB',7242),(13155,2009,4,'W',7243),(13156,2009,4,'WA',7243),(13157,2009,4,'WB',7243),(13158,2009,4,'WC',7243),(13159,2009,4,'W',7244),(13160,2009,4,'U',7245),(13161,2009,4,'W',7246),(13162,2009,4,'U',7247),(13163,2009,4,'UA',7247),(13164,2009,4,'UB',7247),(13165,2009,4,'UC',7247),(13166,2009,4,'U',7248),(13167,2009,4,'UA',7248),(13168,2009,4,'UB',7248),(13169,2009,4,'W',7249),(13170,2009,4,'X',7250),(13171,2009,4,'QP',7251),(13172,2009,4,'QP',7252),(13173,2009,4,'QP',7253),(13174,2009,4,'QP',7254),(13175,2009,4,'U',7256),(13176,2009,4,'U',7257),(13177,2009,4,'U',7260),(13178,2009,4,'WW',7261),(13179,2009,4,'UU',7262),(13180,2009,4,'E',7264),(13181,2009,4,'II',7264),(13182,2009,4,'EE',7265),(13183,2009,4,'Y',7265),(13184,2009,4,'Q',7268),(13185,2009,4,'S',7268),(13186,2009,4,'F',7270),(13187,2009,4,'G',7270),(13188,2009,4,'J',7270),(13189,2009,4,'J',7271),(13190,2009,4,'R',7271),(13191,2009,4,'S',7271),(13192,2009,4,'T',7271),(13193,2009,4,'U',7271),(13194,2009,4,'V',7271),(13195,2009,4,'X',7271),(13196,2009,4,'J',7272),(13197,2009,4,'L',7272),(13198,2009,4,'T',7273),(13199,2009,4,'V',7273),(13200,2009,4,'X',7273),(13201,2009,4,'Y',7273),(13202,2009,4,'LL',7274),(13203,2009,4,'LA',7274),(13204,2009,4,'LB',7274),(13205,2009,4,'T',7274),(13206,2009,4,'TA',7274),(13207,2009,4,'TB',7274),(13208,2009,4,'TC',7274),(13209,2009,4,'V',7274),(13210,2009,4,'VA',7274),(13211,2009,4,'VB',7274),(13212,2009,4,'X',7274),(13213,2009,4,'XA',7274),(13214,2009,4,'XB',7274),(13215,2009,4,'XC',7274),(13216,2009,4,'V',7275),(13217,2009,4,'T',7276),(13218,2009,4,'V',7276),(13219,2009,4,'XX',7276),(13220,2009,4,'T',7278),(13221,2009,4,'X',7278),(13222,2009,4,'T',7279),(13223,2009,4,'W',7279),(13224,2009,4,'UU',7280),(13225,2009,4,'V',7280),(13226,2009,4,'X',7280),(13227,2009,4,'X',7287),(13228,2009,4,'T',7289),(13229,2009,4,'T',7290),(13230,2009,4,'X',7291),(13231,2009,4,'X',7294),(13232,2009,4,'V',7157),(13233,2009,4,'L',7158),(13234,2009,4,'V',7158),(13235,2009,4,'M',7159),(13236,2009,4,'V',7159),(13237,2009,4,'L',7160),(13238,2009,4,'V',7160),(13239,2009,4,'V',7163),(13240,2009,4,'VA',7163),(13241,2009,4,'VB',7163),(13242,2009,4,'VV',7164),(13243,2009,4,'VA',7164),(13244,2009,4,'V',7165),(13245,2009,4,'V',7170),(13246,2009,4,'V',7172),(13247,2009,4,'VA',7172),(13248,2009,4,'VV',7173),(13249,2009,4,'VA',7173),(13250,2009,4,'VV',7174),(13251,2009,4,'V',7175),(13252,2009,4,'VA',7175),(13253,2009,4,'VV',7177),(13254,2009,4,'Y',7180),(13255,2009,4,'J',7181),(13256,2009,4,'W',7182),(13257,2009,4,'W',7183),(13258,2009,4,'WA',7183),(13259,2009,4,'WB',7183),(13260,2009,4,'WC',7183),(13261,2009,4,'U',7184),(13262,2009,4,'UA',7184),(13263,2009,4,'UB',7184),(13264,2009,4,'UC',7184),(13265,2009,4,'UD',7184),(13266,2009,4,'U',7185),(13267,2009,4,'UA',7185),(13268,2009,4,'UB',7185),(13269,2009,4,'UC',7185),(13270,2009,4,'U',7186),(13271,2009,4,'Y',7187),(13272,2009,4,'YA',7187),(13273,2009,4,'YB',7187),(13274,2009,4,'W',7188),(13275,2009,4,'U',7189),(13276,2009,4,'W',7190),(13277,2009,4,'U',7191),(13278,2009,4,'Q',7192),(13279,2009,4,'DD',7193),(13280,2009,4,'PP',7193),(13281,2009,4,'NN',7194),(13282,2009,4,'D',7195),(13283,2009,4,'N',7195),(13284,2009,4,'U',7196),(13285,2009,4,'PP',7197),(13286,2009,4,'U',7197),(13287,2009,4,'DD',7198),(13288,2009,4,'N',7199),(13289,2009,4,'NN',7202),(13290,2009,4,'NA',7202),(13291,2009,4,'NB',7202),(13292,2009,4,'E',7203),(13293,2009,4,'X',7204),(13294,2009,4,'X',7205),(13295,2009,4,'XA',7205),(13296,2009,4,'XB',7205),(13297,2009,4,'PP',7206),(13298,2009,4,'PA',7206),(13299,2009,4,'PB',7206),(13300,2009,4,'NN',7207),(13301,2009,4,'R',7209),(13302,2009,4,'N',7210),(13303,2009,4,'N',7211),(13304,2009,4,'NA',7211),(13305,2009,4,'NB',7211),(13306,2009,4,'NN',7212),(13307,2009,4,'NN',7213),(13308,2009,4,'NN',7215),(13309,2009,4,'UU',7216),(13310,2009,4,'N',7217),(13311,2009,4,'NN',7218),(13312,2009,4,'U',7238),(13313,2009,4,'W',7239),(13314,2009,4,'W',7240),(13315,2009,4,'WA',7240),(13316,2009,4,'WB',7240),(13317,2009,4,'WC',7240),(13318,2009,4,'JJ',7241),(13319,2009,4,'JA',7241),(13320,2009,4,'JB',7241),(13321,2009,4,'JC',7241),(13322,2009,4,'N',7241),(13323,2009,4,'NA',7241),(13324,2009,4,'NB',7241),(13325,2009,4,'NC',7241),(13326,2009,4,'W',7242),(13327,2009,4,'WA',7242),(13328,2009,4,'WB',7242),(13329,2009,4,'W',7243),(13330,2009,4,'WA',7243),(13331,2009,4,'WB',7243),(13332,2009,4,'WC',7243),(13333,2009,4,'W',7244),(13334,2009,4,'U',7245),(13335,2009,4,'W',7246),(13336,2009,4,'U',7247),(13337,2009,4,'UA',7247),(13338,2009,4,'UB',7247),(13339,2009,4,'UC',7247),(13340,2009,4,'U',7248),(13341,2009,4,'UA',7248),(13342,2009,4,'UB',7248),(13343,2009,4,'W',7249),(13344,2009,4,'X',7250),(13345,2009,4,'QP',7251),(13346,2009,4,'QP',7252),(13347,2009,4,'QP',7253),(13348,2009,4,'QP',7254),(13349,2009,4,'U',7256),(13350,2009,4,'U',7257),(13351,2009,4,'U',7260),(13352,2009,4,'WW',7261),(13353,2009,4,'UU',7262),(13354,2009,4,'E',7264),(13355,2009,4,'II',7264),(13356,2009,4,'EE',7265),(13357,2009,4,'Y',7265),(13358,2009,4,'Q',7268),(13359,2009,4,'S',7268),(13360,2009,4,'F',7270),(13361,2009,4,'G',7270),(13362,2009,4,'J',7270),(13363,2009,4,'J',7271),(13364,2009,4,'R',7271),(13365,2009,4,'S',7271),(13366,2009,4,'T',7271),(13367,2009,4,'U',7271),(13368,2009,4,'V',7271),(13369,2009,4,'X',7271),(13370,2009,4,'J',7272),(13371,2009,4,'L',7272),(13372,2009,4,'T',7273),(13373,2009,4,'V',7273),(13374,2009,4,'X',7273),(13375,2009,4,'Y',7273),(13376,2009,4,'LL',7274),(13377,2009,4,'LA',7274),(13378,2009,4,'LB',7274),(13379,2009,4,'T',7274),(13380,2009,4,'TA',7274),(13381,2009,4,'TB',7274),(13382,2009,4,'TC',7274),(13383,2009,4,'V',7274),(13384,2009,4,'VA',7274),(13385,2009,4,'VB',7274),(13386,2009,4,'X',7274),(13387,2009,4,'XA',7274),(13388,2009,4,'XB',7274),(13389,2009,4,'XC',7274),(13390,2009,4,'V',7275),(13391,2009,4,'T',7276),(13392,2009,4,'V',7276),(13393,2009,4,'XX',7276),(13394,2009,4,'T',7278),(13395,2009,4,'X',7278),(13396,2009,4,'T',7279),(13397,2009,4,'W',7279),(13398,2009,4,'UU',7280),(13399,2009,4,'V',7280),(13400,2009,4,'X',7280),(13401,2009,4,'X',7287),(13402,2009,4,'T',7289),(13403,2009,4,'T',7290),(13404,2009,4,'X',7291),(13405,2009,4,'X',7294),(13406,2009,4,'M',7295),(13407,2009,4,'MA',7295),(13408,2009,4,'MB',7295),(13409,2009,4,'YY',7296),(13410,2009,4,'YA',7296),(13411,2009,4,'M',7297),(13412,2009,4,'M',7298),(13413,2009,4,'N',7298),(13414,2009,4,'T',7299),(13415,2009,4,'TA',7299),(13416,2009,4,'TB',7299),(13417,2009,4,'X',7299),(13418,2009,4,'XA',7299),(13419,2009,4,'XB',7299),(13420,2009,4,'MM',7300),(13421,2009,4,'MA',7300),(13422,2009,4,'MB',7300),(13423,2009,4,'T',7300),(13424,2009,4,'TA',7300),(13425,2009,4,'TB',7300),(13426,2009,4,'T',7301),(13427,2009,4,'T',7302),(13428,2009,4,'TA',7302),(13429,2009,4,'TB',7302),(13430,2009,4,'X',7302),(13431,2009,4,'XA',7302),(13432,2009,4,'XB',7302),(13433,2009,4,'M',7303),(13434,2009,4,'MA',7303),(13435,2009,4,'T',7303),(13436,2009,4,'TA',7303),(13437,2009,4,'T',7304),(13438,2009,4,'TA',7304),(13439,2009,4,'TB',7304),(13440,2009,4,'TC',7304),(13441,2009,4,'T',7305),(13442,2009,4,'TA',7305),(13443,2009,4,'TB',7305),(13444,2009,4,'X',7305),(13445,2009,4,'XA',7305),(13446,2009,4,'XB',7305),(13447,2009,4,'T',7306),(13448,2009,4,'TA',7306),(13449,2009,4,'TB',7306),(13450,2009,4,'T',7307),(13451,2009,4,'XX',7308),(13452,2009,4,'X',7309),(13453,2009,4,'X',7311),(13454,2009,4,'X',7314),(13455,2009,4,'T',7317),(13456,2009,4,'X',7318),(13457,2009,4,'XX',7320),(13458,2009,4,'XX',7321),(13459,2009,4,'XX',7322),(13460,2009,4,'X',7323),(13461,2009,4,'X',7323),(13462,2009,4,'X',7323),(13463,2009,4,'X',7323),(13464,2009,4,'X',7323),(13465,2009,4,'V',7157),(13466,2009,4,'L',7158),(13467,2009,4,'V',7158),(13468,2009,4,'M',7159),(13469,2009,4,'V',7159),(13470,2009,4,'L',7160),(13471,2009,4,'V',7160),(13472,2009,4,'V',7163),(13473,2009,4,'VA',7163),(13474,2009,4,'VB',7163),(13475,2009,4,'VV',7164),(13476,2009,4,'VA',7164),(13477,2009,4,'V',7165),(13478,2009,4,'V',7170),(13479,2009,4,'V',7172),(13480,2009,4,'VA',7172),(13481,2009,4,'VV',7173),(13482,2009,4,'VA',7173),(13483,2009,4,'VV',7174),(13484,2009,4,'V',7175),(13485,2009,4,'VA',7175),(13486,2009,4,'VV',7177),(13487,2009,4,'Y',7180),(13488,2009,4,'J',7181),(13489,2009,4,'W',7182),(13490,2009,4,'W',7183),(13491,2009,4,'WA',7183),(13492,2009,4,'WB',7183),(13493,2009,4,'WC',7183),(13494,2009,4,'U',7184),(13495,2009,4,'UA',7184),(13496,2009,4,'UB',7184),(13497,2009,4,'UC',7184),(13498,2009,4,'UD',7184),(13499,2009,4,'U',7185),(13500,2009,4,'UA',7185),(13501,2009,4,'UB',7185),(13502,2009,4,'UC',7185),(13503,2009,4,'U',7186),(13504,2009,4,'Y',7187),(13505,2009,4,'YA',7187),(13506,2009,4,'YB',7187),(13507,2009,4,'W',7188),(13508,2009,4,'U',7189),(13509,2009,4,'W',7190),(13510,2009,4,'U',7191),(13511,2009,4,'Q',7192),(13512,2009,4,'DD',7193),(13513,2009,4,'PP',7193),(13514,2009,4,'NN',7194),(13515,2009,4,'D',7195),(13516,2009,4,'N',7195),(13517,2009,4,'U',7196),(13518,2009,4,'PP',7197),(13519,2009,4,'U',7197),(13520,2009,4,'DD',7198),(13521,2009,4,'N',7199),(13522,2009,4,'NN',7202),(13523,2009,4,'NA',7202),(13524,2009,4,'NB',7202),(13525,2009,4,'E',7203),(13526,2009,4,'X',7204),(13527,2009,4,'X',7205),(13528,2009,4,'XA',7205),(13529,2009,4,'XB',7205),(13530,2009,4,'PP',7206),(13531,2009,4,'PA',7206),(13532,2009,4,'PB',7206),(13533,2009,4,'NN',7207),(13534,2009,4,'R',7209),(13535,2009,4,'N',7210),(13536,2009,4,'N',7211),(13537,2009,4,'NA',7211),(13538,2009,4,'NB',7211),(13539,2009,4,'NN',7212),(13540,2009,4,'NN',7213),(13541,2009,4,'NN',7215),(13542,2009,4,'UU',7216),(13543,2009,4,'N',7217),(13544,2009,4,'NN',7218),(13545,2009,4,'U',7238),(13546,2009,4,'W',7239),(13547,2009,4,'W',7240),(13548,2009,4,'WA',7240),(13549,2009,4,'WB',7240),(13550,2009,4,'WC',7240),(13551,2009,4,'JJ',7241),(13552,2009,4,'JA',7241),(13553,2009,4,'JB',7241),(13554,2009,4,'JC',7241),(13555,2009,4,'N',7241),(13556,2009,4,'NA',7241),(13557,2009,4,'NB',7241),(13558,2009,4,'NC',7241),(13559,2009,4,'W',7242),(13560,2009,4,'WA',7242),(13561,2009,4,'WB',7242),(13562,2009,4,'W',7243),(13563,2009,4,'WA',7243),(13564,2009,4,'WB',7243),(13565,2009,4,'WC',7243),(13566,2009,4,'W',7244),(13567,2009,4,'U',7245),(13568,2009,4,'W',7246),(13569,2009,4,'U',7247),(13570,2009,4,'UA',7247),(13571,2009,4,'UB',7247),(13572,2009,4,'UC',7247),(13573,2009,4,'U',7248),(13574,2009,4,'UA',7248),(13575,2009,4,'UB',7248),(13576,2009,4,'W',7249),(13577,2009,4,'X',7250),(13578,2009,4,'QP',7251),(13579,2009,4,'QP',7252),(13580,2009,4,'QP',7253),(13581,2009,4,'QP',7254),(13582,2009,4,'U',7256),(13583,2009,4,'U',7257),(13584,2009,4,'U',7260),(13585,2009,4,'WW',7261),(13586,2009,4,'UU',7262),(13587,2009,4,'E',7264),(13588,2009,4,'II',7264),(13589,2009,4,'EE',7265),(13590,2009,4,'Y',7265),(13591,2009,4,'Q',7268),(13592,2009,4,'S',7268),(13593,2009,4,'F',7270),(13594,2009,4,'G',7270),(13595,2009,4,'J',7270),(13596,2009,4,'J',7271),(13597,2009,4,'R',7271),(13598,2009,4,'S',7271),(13599,2009,4,'T',7271),(13600,2009,4,'U',7271),(13601,2009,4,'V',7271),(13602,2009,4,'X',7271),(13603,2009,4,'J',7272),(13604,2009,4,'L',7272),(13605,2009,4,'T',7273),(13606,2009,4,'V',7273),(13607,2009,4,'X',7273),(13608,2009,4,'Y',7273),(13609,2009,4,'LL',7274),(13610,2009,4,'LA',7274),(13611,2009,4,'LB',7274),(13612,2009,4,'T',7274),(13613,2009,4,'TA',7274),(13614,2009,4,'TB',7274),(13615,2009,4,'TC',7274),(13616,2009,4,'V',7274),(13617,2009,4,'VA',7274),(13618,2009,4,'VB',7274),(13619,2009,4,'X',7274),(13620,2009,4,'XA',7274),(13621,2009,4,'XB',7274),(13622,2009,4,'XC',7274),(13623,2009,4,'V',7275),(13624,2009,4,'T',7276),(13625,2009,4,'V',7276),(13626,2009,4,'XX',7276),(13627,2009,4,'T',7278),(13628,2009,4,'X',7278),(13629,2009,4,'T',7279),(13630,2009,4,'W',7279),(13631,2009,4,'UU',7280),(13632,2009,4,'V',7280),(13633,2009,4,'X',7280),(13634,2009,4,'X',7287),(13635,2009,4,'T',7289),(13636,2009,4,'T',7290),(13637,2009,4,'X',7291),(13638,2009,4,'X',7294),(13639,2009,4,'M',7295),(13640,2009,4,'MA',7295),(13641,2009,4,'MB',7295),(13642,2009,4,'YY',7296),(13643,2009,4,'YA',7296),(13644,2009,4,'M',7297),(13645,2009,4,'M',7298),(13646,2009,4,'N',7298),(13647,2009,4,'T',7299),(13648,2009,4,'TA',7299),(13649,2009,4,'TB',7299),(13650,2009,4,'X',7299),(13651,2009,4,'XA',7299),(13652,2009,4,'XB',7299),(13653,2009,4,'MM',7300),(13654,2009,4,'MA',7300),(13655,2009,4,'MB',7300),(13656,2009,4,'T',7300),(13657,2009,4,'TA',7300),(13658,2009,4,'TB',7300),(13659,2009,4,'T',7301),(13660,2009,4,'T',7302),(13661,2009,4,'TA',7302),(13662,2009,4,'TB',7302),(13663,2009,4,'X',7302),(13664,2009,4,'XA',7302),(13665,2009,4,'XB',7302),(13666,2009,4,'M',7303),(13667,2009,4,'MA',7303),(13668,2009,4,'T',7303),(13669,2009,4,'TA',7303),(13670,2009,4,'T',7304),(13671,2009,4,'TA',7304),(13672,2009,4,'TB',7304),(13673,2009,4,'TC',7304),(13674,2009,4,'T',7305),(13675,2009,4,'TA',7305),(13676,2009,4,'TB',7305),(13677,2009,4,'X',7305),(13678,2009,4,'XA',7305),(13679,2009,4,'XB',7305),(13680,2009,4,'T',7306),(13681,2009,4,'TA',7306),(13682,2009,4,'TB',7306),(13683,2009,4,'T',7307),(13684,2009,4,'XX',7308),(13685,2009,4,'X',7309),(13686,2009,4,'X',7311),(13687,2009,4,'X',7314),(13688,2009,4,'T',7317),(13689,2009,4,'X',7318),(13690,2009,4,'XX',7320),(13691,2009,4,'XX',7321),(13692,2009,4,'XX',7322),(13693,2009,4,'X',7323),(13694,2009,4,'X',7323),(13695,2009,4,'X',7323),(13696,2009,4,'X',7323),(13697,2009,4,'X',7323),(13698,2009,4,'H',7324),(13699,2009,4,'HA',7324),(13700,2009,4,'HB',7324),(13701,2009,4,'S',7325),(13702,2009,4,'U',7325),(13703,2009,4,'S',7326),(13704,2009,4,'S',7327),(13705,2009,4,'S',7328),(13706,2009,4,'S',7329),(13707,2009,4,'S',7330),(13708,2009,4,'S',7331),(13709,2009,4,'SA',7331),(13710,2009,4,'SB',7331),(13711,2009,4,'NN',7334),(13712,2009,4,'NA',7334),(13713,2009,4,'SS',7335),(13714,2009,4,'SA',7335),(13715,2009,4,'SB',7335),(13716,2008,2,'QQ',6),(13717,2008,4,'QQ',7),(13718,2008,2,'QQ',8),(13719,2008,2,'QQ',11),(13720,2008,2,'QQ',12),(13721,2008,4,'QQ',13),(13722,2008,2,'QQ',14),(13723,2008,2,'QQ',7157),(13724,2008,2,'QQ',7158),(13725,2008,4,'QQ',7159),(13726,2008,2,'QQ',7160),(13727,2008,4,'QQ',7161),(13728,2008,4,'QQ',7162),(13729,2008,2,'QQ',7163),(13730,2008,2,'QQ',7164),(13731,2008,2,'QQ',7165),(13732,2008,2,'QQ',7166),(13733,2008,4,'QQ',7167),(13734,2008,4,'QQ',7168),(13735,2008,2,'QQ',7169),(13736,2008,2,'QQ',7170),(13737,2008,4,'QQ',7171),(13738,2008,4,'QQ',7172),(13739,2008,4,'QQ',7173),(13740,2008,2,'QQ',7174),(13741,2008,4,'QQ',7175),(13742,2008,2,'QQ',7176),(13743,2008,2,'QQ',7177),(13744,2008,4,'QQ',7178),(13745,2008,4,'QQ',7179),(13746,2008,2,'QQ',7180),(13747,2008,2,'QQ',7181),(13748,2008,4,'QQ',7182),(13749,2008,2,'QQ',7183),(13750,2008,4,'QQ',7184),(13751,2008,2,'QQ',7185),(13752,2008,4,'QQ',7186),(13753,2008,4,'QQ',7187),(13754,2008,2,'QQ',7188),(13755,2008,2,'QQ',7189),(13756,2008,2,'QQ',7190),(13757,2008,4,'QQ',7191),(13758,2008,2,'QQ',7192),(13759,2008,4,'QQ',7193),(13760,2008,2,'QQ',7194),(13761,2008,2,'QQ',7195),(13762,2008,4,'QQ',7196),(13763,2008,2,'QQ',7197),(13764,2008,2,'QQ',7198),(13765,2008,2,'QQ',7199),(13766,2008,2,'QQ',7200),(13767,2008,2,'QQ',7201),(13768,2008,4,'QQ',7202),(13769,2008,4,'QQ',7203),(13770,2008,4,'QQ',7204),(13771,2008,4,'QQ',7205),(13772,2008,2,'QQ',7206),(13773,2008,4,'QQ',7207),(13774,2008,2,'QQ',7208),(13775,2008,4,'QQ',7209),(13776,2008,4,'QQ',7210),(13777,2008,2,'QQ',7211),(13778,2008,2,'QQ',7212),(13779,2008,4,'QQ',7213),(13780,2008,4,'QQ',7214),(13781,2008,2,'QQ',7215),(13782,2008,4,'QQ',7216),(13783,2008,2,'QQ',7217),(13784,2008,4,'QQ',7218),(13785,2008,2,'QQ',7219),(13786,2008,4,'QQ',7220),(13787,2008,4,'QQ',7221),(13788,2008,2,'QQ',7222),(13789,2008,4,'QQ',7223),(13790,2008,2,'QQ',7224),(13791,2008,4,'QQ',7225),(13792,2008,2,'QQ',7226),(13793,2008,2,'QQ',7227),(13794,2008,2,'QQ',7228),(13795,2008,4,'QQ',7229),(13796,2008,4,'QQ',7230),(13797,2008,4,'QQ',7231),(13798,2008,4,'QQ',7232),(13799,2008,4,'QQ',7233),(13800,2008,4,'QQ',7234),(13801,2008,2,'QQ',7235),(13802,2008,4,'QQ',7236),(13803,2008,2,'QQ',7237),(13804,2008,2,'QQ',7238),(13805,2008,2,'QQ',7239),(13806,2008,4,'QQ',7240),(13807,2008,4,'QQ',7241),(13808,2008,4,'QQ',7242),(13809,2008,4,'QQ',7243),(13810,2008,2,'QQ',7244),(13811,2008,4,'QQ',7245),(13812,2008,2,'QQ',7246),(13813,2008,4,'QQ',7247),(13814,2008,2,'QQ',7248),(13815,2008,2,'QQ',7249),(13816,2008,4,'QQ',7250),(13817,2008,2,'QQ',7251),(13818,2008,2,'QQ',7252),(13819,2008,4,'QQ',7253),(13820,2008,2,'QQ',7254),(13821,2008,2,'QQ',7255),(13822,2008,2,'QQ',7256),(13823,2008,4,'QQ',7257),(13824,2008,4,'QQ',7258),(13825,2008,4,'QQ',7259),(13826,2008,2,'QQ',7260),(13827,2008,4,'QQ',7261),(13828,2008,4,'QQ',7262),(13829,2008,2,'QQ',7263),(13830,2008,4,'QQ',7264),(13831,2008,4,'QQ',7265),(13832,2008,4,'QQ',7266),(13833,2008,4,'QQ',7267),(13834,2008,4,'QQ',7268),(13835,2008,2,'QQ',7269),(13836,2008,2,'QQ',7270),(13837,2008,4,'QQ',7271),(13838,2008,4,'QQ',7272),(13839,2008,4,'QQ',7273),(13840,2008,4,'QQ',7274),(13841,2008,2,'QQ',7275),(13842,2008,2,'QQ',7276),(13843,2008,2,'QQ',7277),(13844,2008,4,'QQ',7278),(13845,2008,4,'QQ',7279),(13846,2008,4,'QQ',7280),(13847,2008,2,'QQ',7281),(13848,2008,2,'QQ',7282),(13849,2008,4,'QQ',7283),(13850,2008,2,'QQ',7284),(13851,2008,2,'QQ',7285),(13852,2008,2,'QQ',7286),(13853,2008,2,'QQ',7287),(13854,2008,2,'QQ',7288),(13855,2008,4,'QQ',7289),(13856,2008,4,'QQ',7290),(13857,2008,2,'QQ',7291),(13858,2008,2,'QQ',7292),(13859,2008,4,'QQ',7293),(13860,2008,2,'QQ',7294),(13861,2008,2,'QQ',7295),(13862,2008,4,'QQ',7296),(13863,2008,2,'QQ',7297),(13864,2008,4,'QQ',7298),(13865,2008,2,'QQ',7299),(13866,2008,2,'QQ',7300),(13867,2008,2,'QQ',7301),(13868,2008,4,'QQ',7302),(13869,2008,2,'QQ',7303),(13870,2008,2,'QQ',7304),(13871,2008,4,'QQ',7305),(13872,2008,2,'QQ',7306),(13873,2008,2,'QQ',7307),(13874,2008,2,'QQ',7308),(13875,2008,4,'QQ',7309),(13876,2008,4,'QQ',7310),(13877,2008,2,'QQ',7311),(13878,2008,2,'QQ',7312),(13879,2008,2,'QQ',7313),(13880,2008,4,'QQ',7314),(13881,2008,2,'QQ',7315),(13882,2008,4,'QQ',7316),(13883,2008,2,'QQ',7317),(13884,2008,2,'QQ',7318),(13885,2008,2,'QQ',7319),(13886,2008,2,'QQ',7320),(13887,2008,2,'QQ',7321),(13888,2008,2,'QQ',7322),(13889,2008,4,'QQ',7323),(13890,2008,4,'QQ',7324),(13891,2008,4,'QQ',7325),(13892,2008,2,'QQ',7326),(13893,2008,2,'QQ',7327),(13894,2008,4,'QQ',7328),(13895,2008,2,'QQ',7329),(13896,2008,2,'QQ',7330),(13897,2008,2,'QQ',7331),(13898,2008,4,'QQ',7332),(13899,2008,2,'QQ',7333),(13900,2008,4,'QQ',7334),(13901,2008,4,'QQ',7335),(13902,2008,4,'QQ',7336),(13903,2008,4,'QQ',7337),(13904,2008,2,'QQ',7338),(13905,2008,2,'QQ',7339),(13906,2008,4,'QQ',7340),(13907,2008,2,'QQ',7341),(13908,2008,2,'QQ',7342),(13909,2008,2,'QQ',7343),(13910,2008,2,'QQ',7344),(13911,2008,4,'QQ',7345),(13912,2008,4,'QQ',7346),(13913,2008,4,'QQ',7347),(13914,2008,2,'QQ',7348),(13915,2008,4,'QQ',7349),(13916,2008,2,'QQ',7350),(13917,2008,2,'QQ',7351),(13918,2008,4,'QQ',7352),(13919,2008,4,'QQ',7353),(13920,2008,4,'QQ',7354),(13921,2008,4,'QQ',7355),(13922,2008,2,'QQ',7356),(13923,2008,2,'QQ',7357),(13924,2008,4,'QQ',7358),(13925,2008,2,'QQ',7359),(13926,2008,4,'QQ',7360),(13927,2008,2,'QQ',7361),(13928,2008,2,'QQ',7362),(13929,2008,2,'QQ',7363),(13930,2008,2,'QQ',7364),(13931,2008,2,'QQ',7365),(13932,2008,2,'QQ',7366),(13933,2008,2,'QQ',7367),(13934,2008,4,'QQ',7368),(13935,2008,2,'QQ',7369),(13936,2008,2,'QQ',7370),(13937,2008,2,'QQ',7371),(13938,2008,4,'QQ',7372),(13939,2008,4,'QQ',7373),(13940,2008,2,'QQ',7374),(13941,2008,2,'QQ',7375),(13942,2008,4,'QQ',7376),(13943,2008,4,'QQ',7377),(13944,2008,4,'QQ',7378),(13945,2008,2,'QQ',7379),(13946,2008,4,'QQ',7380),(13947,2008,2,'QQ',7381),(13948,2008,2,'QQ',7382),(13949,2008,2,'QQ',7383),(13950,2008,4,'QQ',7384),(13951,2008,2,'QQ',7385),(13952,2008,2,'QQ',7386),(13953,2008,4,'QQ',7387),(13954,2008,2,'QQ',7388),(13955,2008,2,'QQ',7389),(13956,2008,4,'QQ',7390),(13957,2008,2,'QQ',7391),(13958,2008,2,'QQ',7392),(13959,2008,4,'QQ',7393),(13960,2008,2,'QQ',7394),(13961,2008,2,'QQ',7395),(13962,2008,2,'QQ',7396),(13963,2008,4,'QQ',7397),(13964,2008,4,'QQ',7398),(13965,2008,2,'QQ',7399),(13966,2008,2,'QQ',7400),(13967,2008,2,'QQ',7401),(13968,2008,4,'QQ',7402),(13969,2008,4,'QQ',7403),(13970,2008,2,'QQ',7404),(13971,2008,2,'QQ',7405),(13972,2008,2,'QQ',7406),(13973,2008,2,'QQ',7407),(13974,2008,4,'QQ',7408),(13975,2008,2,'QQ',7409),(13976,2008,2,'QQ',7410),(13977,2008,2,'QQ',7411),(13978,2008,2,'QQ',7412),(13979,2008,4,'QQ',7413),(13980,2008,4,'QQ',7414),(13981,2008,4,'QQ',7415),(13982,2008,2,'QQ',7416),(13983,2008,2,'QQ',7417),(13984,2008,4,'QQ',7418),(13985,2008,4,'QQ',7419),(14227,2008,2,'JJ',6),(14228,2008,2,'JJ',7),(14229,2008,2,'JJ',8),(14230,2008,2,'JJ',11),(14231,2008,2,'JJ',12),(14232,2008,4,'JJ',13),(14233,2008,4,'JJ',14),(14234,2008,4,'JJ',7157),(14235,2008,4,'JJ',7158),(14236,2008,2,'JJ',7159),(14237,2008,4,'JJ',7160),(14238,2008,4,'JJ',7161),(14239,2008,2,'JJ',7162),(14240,2008,2,'JJ',7163),(14241,2008,4,'JJ',7164),(14242,2008,2,'JJ',7165),(14243,2008,4,'JJ',7166),(14244,2008,2,'JJ',7167),(14245,2008,4,'JJ',7168),(14246,2008,4,'JJ',7169),(14247,2008,2,'JJ',7170),(14248,2008,4,'JJ',7171),(14249,2008,4,'JJ',7172),(14250,2008,2,'JJ',7173),(14251,2008,4,'JJ',7174),(14252,2008,2,'JJ',7175),(14253,2008,2,'JJ',7176),(14254,2008,2,'JJ',7177),(14255,2008,4,'JJ',7178),(14256,2008,2,'JJ',7179),(14257,2008,2,'JJ',7180),(14258,2008,2,'JJ',7181),(14259,2008,4,'JJ',7182),(14260,2008,4,'JJ',7183),(14261,2008,4,'JJ',7184),(14262,2008,2,'JJ',7185),(14263,2008,2,'JJ',7186),(14264,2008,2,'JJ',7187),(14265,2008,4,'JJ',7188),(14266,2008,4,'JJ',7189),(14267,2008,2,'JJ',7190),(14268,2008,2,'JJ',7191),(14269,2008,2,'JJ',7192),(14270,2008,4,'JJ',7193),(14271,2008,4,'JJ',7194),(14272,2008,4,'JJ',7195),(14273,2008,2,'JJ',7196),(14274,2008,4,'JJ',7197),(14275,2008,4,'JJ',7198),(14276,2008,4,'JJ',7199),(14277,2008,2,'JJ',7200),(14278,2008,4,'JJ',7201),(14279,2008,4,'JJ',7202),(14280,2008,2,'JJ',7203),(14281,2008,2,'JJ',7204),(14282,2008,2,'JJ',7205),(14283,2008,4,'JJ',7206),(14284,2008,2,'JJ',7207),(14285,2008,2,'JJ',7208),(14286,2008,4,'JJ',7209),(14287,2008,2,'JJ',7210),(14288,2008,4,'JJ',7211),(14289,2008,2,'JJ',7212),(14290,2008,4,'JJ',7213),(14291,2008,2,'JJ',7214),(14292,2008,4,'JJ',7215),(14293,2008,4,'JJ',7216),(14294,2008,2,'JJ',7217),(14295,2008,4,'JJ',7218),(14296,2008,2,'JJ',7219),(14297,2008,4,'JJ',7220),(14298,2008,2,'JJ',7221),(14299,2008,4,'JJ',7222),(14300,2008,4,'JJ',7223),(14301,2008,4,'JJ',7224),(14302,2008,4,'JJ',7225),(14303,2008,4,'JJ',7226),(14304,2008,2,'JJ',7227),(14305,2008,2,'JJ',7228),(14306,2008,2,'JJ',7229),(14307,2008,4,'JJ',7230),(14308,2008,2,'JJ',7231),(14309,2008,2,'JJ',7232),(14310,2008,4,'JJ',7233),(14311,2008,2,'JJ',7234),(14312,2008,2,'JJ',7235),(14313,2008,2,'JJ',7236),(14314,2008,2,'JJ',7237),(14315,2008,2,'JJ',7238),(14316,2008,2,'JJ',7239),(14317,2008,4,'JJ',7240),(14318,2008,2,'JJ',7241),(14319,2008,2,'JJ',7242),(14320,2008,2,'JJ',7243),(14321,2008,4,'JJ',7244),(14322,2008,4,'JJ',7245),(14323,2008,2,'JJ',7246),(14324,2008,4,'JJ',7247),(14325,2008,2,'JJ',7248),(14326,2008,2,'JJ',7249),(14327,2008,2,'JJ',7250),(14328,2008,4,'JJ',7251),(14329,2008,2,'JJ',7252),(14330,2008,4,'JJ',7253),(14331,2008,4,'JJ',7254),(14332,2008,2,'JJ',7255),(14333,2008,4,'JJ',7256),(14334,2008,2,'JJ',7257),(14335,2008,4,'JJ',7258),(14336,2008,4,'JJ',7259),(14337,2008,2,'JJ',7260),(14338,2008,4,'JJ',7261),(14339,2008,2,'JJ',7262),(14340,2008,2,'JJ',7263),(14341,2008,2,'JJ',7264),(14342,2008,4,'JJ',7265),(14343,2008,4,'JJ',7266),(14344,2008,4,'JJ',7267),(14345,2008,4,'JJ',7268),(14346,2008,4,'JJ',7269),(14347,2008,2,'JJ',7270),(14348,2008,2,'JJ',7271),(14349,2008,2,'JJ',7272),(14350,2008,2,'JJ',7273),(14351,2008,2,'JJ',7274),(14352,2008,4,'JJ',7275),(14353,2008,2,'JJ',7276),(14354,2008,2,'JJ',7277),(14355,2008,2,'JJ',7278),(14356,2008,2,'JJ',7279),(14357,2008,4,'JJ',7280),(14358,2008,2,'JJ',7281),(14359,2008,4,'JJ',7282),(14360,2008,2,'JJ',7283),(14361,2008,2,'JJ',7284),(14362,2008,4,'JJ',7285),(14363,2008,4,'JJ',7286),(14364,2008,4,'JJ',7287),(14365,2008,2,'JJ',7288),(14366,2008,2,'JJ',7289),(14367,2008,4,'JJ',7290),(14368,2008,4,'JJ',7291),(14369,2008,4,'JJ',7292),(14370,2008,4,'JJ',7293),(14371,2008,2,'JJ',7294),(14372,2008,4,'JJ',7295),(14373,2008,4,'JJ',7296),(14374,2008,2,'JJ',7297),(14375,2008,4,'JJ',7298),(14376,2008,2,'JJ',7299),(14377,2008,4,'JJ',7300),(14378,2008,2,'JJ',7301),(14379,2008,4,'JJ',7302),(14380,2008,4,'JJ',7303),(14381,2008,2,'JJ',7304),(14382,2008,2,'JJ',7305),(14383,2008,4,'JJ',7306),(14384,2008,2,'JJ',7307),(14385,2008,4,'JJ',7308),(14386,2008,4,'JJ',7309),(14387,2008,4,'JJ',7310),(14388,2008,4,'JJ',7311),(14389,2008,4,'JJ',7312),(14390,2008,4,'JJ',7313),(14391,2008,4,'JJ',7314),(14392,2008,2,'JJ',7315),(14393,2008,4,'JJ',7316),(14394,2008,4,'JJ',7317),(14395,2008,2,'JJ',7318),(14396,2008,4,'JJ',7319),(14397,2008,2,'JJ',7320),(14398,2008,2,'JJ',7321),(14399,2008,2,'JJ',7322),(14400,2008,2,'JJ',7323),(14401,2008,2,'JJ',7324),(14402,2008,4,'JJ',7325),(14403,2008,4,'JJ',7326),(14404,2008,4,'JJ',7327),(14405,2008,4,'JJ',7328),(14406,2008,2,'JJ',7329),(14407,2008,4,'JJ',7330),(14408,2008,4,'JJ',7331),(14409,2008,4,'JJ',7332),(14410,2008,2,'JJ',7333),(14411,2008,2,'JJ',7334),(14412,2008,2,'JJ',7335),(14413,2008,2,'JJ',7336),(14414,2008,4,'JJ',7337),(14415,2008,2,'JJ',7338),(14416,2008,2,'JJ',7339),(14417,2008,4,'JJ',7340),(14418,2008,2,'JJ',7341),(14419,2008,4,'JJ',7342),(14420,2008,4,'JJ',7343),(14421,2008,2,'JJ',7344),(14422,2008,4,'JJ',7345),(14423,2008,2,'JJ',7346),(14424,2008,2,'JJ',7347),(14425,2008,2,'JJ',7348),(14426,2008,4,'JJ',7349),(14427,2008,2,'JJ',7350),(14428,2008,2,'JJ',7351),(14429,2008,2,'JJ',7352),(14430,2008,2,'JJ',7353),(14431,2008,4,'JJ',7354),(14432,2008,2,'JJ',7355),(14433,2008,4,'JJ',7356),(14434,2008,2,'JJ',7357),(14435,2008,4,'JJ',7358),(14436,2008,4,'JJ',7359),(14437,2008,2,'JJ',7360),(14438,2008,2,'JJ',7361),(14439,2008,4,'JJ',7362),(14440,2008,4,'JJ',7363),(14441,2008,4,'JJ',7364),(14442,2008,4,'JJ',7365),(14443,2008,4,'JJ',7366),(14444,2008,4,'JJ',7367),(14445,2008,4,'JJ',7368),(14446,2008,2,'JJ',7369),(14447,2008,2,'JJ',7370),(14448,2008,2,'JJ',7371),(14449,2008,2,'JJ',7372),(14450,2008,2,'JJ',7373),(14451,2008,2,'JJ',7374),(14452,2008,4,'JJ',7375),(14453,2008,2,'JJ',7376),(14454,2008,4,'JJ',7377),(14455,2008,4,'JJ',7378),(14456,2008,4,'JJ',7379),(14457,2008,4,'JJ',7380),(14458,2008,2,'JJ',7381),(14459,2008,2,'JJ',7382),(14460,2008,2,'JJ',7383),(14461,2008,2,'JJ',7384),(14462,2008,2,'JJ',7385),(14463,2008,4,'JJ',7386),(14464,2008,4,'JJ',7387),(14465,2008,4,'JJ',7388),(14466,2008,4,'JJ',7389),(14467,2008,2,'JJ',7390),(14468,2008,4,'JJ',7391),(14469,2008,4,'JJ',7392),(14470,2008,2,'JJ',7393),(14471,2008,2,'JJ',7394),(14472,2008,2,'JJ',7395),(14473,2008,4,'JJ',7396),(14474,2008,2,'JJ',7397),(14475,2008,4,'JJ',7398),(14476,2008,2,'JJ',7399),(14477,2008,4,'JJ',7400),(14478,2008,4,'JJ',7401),(14479,2008,2,'JJ',7402),(14480,2008,2,'JJ',7403),(14481,2008,4,'JJ',7404),(14482,2008,4,'JJ',7405),(14483,2008,4,'JJ',7406),(14484,2008,4,'JJ',7407),(14485,2008,2,'JJ',7408),(14486,2008,2,'JJ',7409),(14487,2008,2,'JJ',7410),(14488,2008,4,'JJ',7411),(14489,2008,4,'JJ',7412),(14490,2008,4,'JJ',7413),(14491,2008,2,'JJ',7414),(14492,2008,4,'JJ',7415),(14493,2008,2,'JJ',7416),(14494,2008,2,'JJ',7417),(14495,2008,4,'JJ',7418),(14496,2008,2,'JJ',7419);
/*!40000 ALTER TABLE `Class` ENABLE KEYS */;
UNLOCK TABLES;

--
-- Temporary table structure for view `ClassConflict`
--

DROP TABLE IF EXISTS `ClassConflict`;
/*!50001 DROP VIEW IF EXISTS `ClassConflict`*/;
SET @saved_cs_client     = @@character_set_client;
SET character_set_client = utf8;
/*!50001 CREATE TABLE `ClassConflict` (
  `lowClassID` int(11),
  `highClassID` int(11)
) ENGINE=MyISAM */;
SET character_set_client = @saved_cs_client;

--
-- Temporary table structure for view `CleanCourseSection`
--

DROP TABLE IF EXISTS `CleanCourseSection`;
/*!50001 DROP VIEW IF EXISTS `CleanCourseSection`*/;
SET @saved_cs_client     = @@character_set_client;
SET character_set_client = utf8;
/*!50001 CREATE TABLE `CleanCourseSection` (
  `CourseID` int(10) unsigned,
  `ClassID` int(11),
  `Section` varbinary(14),
  `Course` varchar(8),
  `Name` varchar(32),
  `Credits` smallint(5) unsigned
) ENGINE=MyISAM */;
SET character_set_client = @saved_cs_client;

--
-- Temporary table structure for view `CleanCourseSectionWithBlocks`
--

DROP TABLE IF EXISTS `CleanCourseSectionWithBlocks`;
/*!50001 DROP VIEW IF EXISTS `CleanCourseSectionWithBlocks`*/;
SET @saved_cs_client     = @@character_set_client;
SET character_set_client = utf8;
/*!50001 CREATE TABLE `CleanCourseSectionWithBlocks` (
  `CourseID` int(10) unsigned,
  `ClassID` int(11),
  `Section` varbinary(14),
  `Course` varchar(8),
  `Name` varchar(32),
  `Credits` smallint(5) unsigned,
  `StartTime` time,
  `EndTime` time,
  `Day` char(1)
) ENGINE=MyISAM */;
SET character_set_client = @saved_cs_client;

--
-- Temporary table structure for view `CleanRequirement`
--

DROP TABLE IF EXISTS `CleanRequirement`;
/*!50001 DROP VIEW IF EXISTS `CleanRequirement`*/;
SET @saved_cs_client     = @@character_set_client;
SET character_set_client = utf8;
/*!50001 CREATE TABLE `CleanRequirement` (
  `Course` varchar(8),
  `Needs` longtext
) ENGINE=MyISAM */;
SET character_set_client = @saved_cs_client;

--
-- Temporary table structure for view `CleanSequence`
--

DROP TABLE IF EXISTS `CleanSequence`;
/*!50001 DROP VIEW IF EXISTS `CleanSequence`*/;
SET @saved_cs_client     = @@character_set_client;
SET character_set_client = utf8;
/*!50001 CREATE TABLE `CleanSequence` (
  `Name` varchar(45),
  `ProgramID` int(10) unsigned,
  `Symbol` varchar(8),
  `CourseName` varchar(32),
  `Semester` int(10)
) ENGINE=MyISAM */;
SET character_set_client = @saved_cs_client;

--
-- Temporary table structure for view `CleanTranscript`
--

DROP TABLE IF EXISTS `CleanTranscript`;
/*!50001 DROP VIEW IF EXISTS `CleanTranscript`*/;
SET @saved_cs_client     = @@character_set_client;
SET character_set_client = utf8;
/*!50001 CREATE TABLE `CleanTranscript` (
  `UserID` char(7),
  `Course` varchar(8),
  `Section` varbinary(14),
  `Name` varchar(32),
  `Credits` smallint(5) unsigned,
  `Grade` varchar(12)
) ENGINE=MyISAM */;
SET character_set_client = @saved_cs_client;

--
-- Temporary table structure for view `RequirementSatisfied`
--

DROP TABLE IF EXISTS `RequirementSatisfied`;
/*!50001 DROP VIEW IF EXISTS `RequirementSatisfied`*/;
SET @saved_cs_client     = @@character_set_client;
SET character_set_client = utf8;
/*!50001 CREATE TABLE `RequirementSatisfied` (
  `RequirementID` int(10),
  `OrdReq` longtext
) ENGINE=MyISAM */;
SET character_set_client = @saved_cs_client;

--
-- Final view structure for view `ClassConflict`
--

/*!50001 DROP TABLE `ClassConflict`*/;
/*!50001 DROP VIEW IF EXISTS `ClassConflict`*/;
/*!50001 CREATE ALGORITHM=UNDEFINED DEFINER=`root`@`localhost` SQL SECURITY DEFINER VIEW `ClassConflict` AS select `cb1`.`ClassID` AS `lowClassID`,`cb2`.`ClassID` AS `highClassID` from (`ClassBlock` `cb1` join `ClassBlock` `cb2` on((`cb1`.`ClassID` < `cb2`.`ClassID`))) where ((`cb1`.`Day` = `cb2`.`Day`) and (abs((((`cb1`.`EndTime` + `cb1`.`StartTime`) - `cb2`.`EndTime`) - `cb2`.`StartTime`)) < (((`cb1`.`EndTime` - `cb1`.`StartTime`) + `cb2`.`EndTime`) - `cb2`.`StartTime`)) and (`cb1`.`ClassID`,`cb2`.`ClassID`) in (select `c1`.`ClassID` AS `lowClassID`,`c2`.`ClassID` AS `highClassID` from (`Class` `c1` join `Class` `c2` on((`c1`.`ClassID` < `c2`.`ClassID`))) where ((`c1`.`Year` = `c2`.`Year`) and (`c1`.`Semester` = `c2`.`Semester`)))) */;

--
-- Final view structure for view `CleanCourseSection`
--

/*!50001 DROP TABLE `CleanCourseSection`*/;
/*!50001 DROP VIEW IF EXISTS `CleanCourseSection`*/;
/*!50001 CREATE ALGORITHM=UNDEFINED DEFINER=`root`@`localhost` SQL SECURITY DEFINER VIEW `CleanCourseSection` AS select `Course`.`CourseID` AS `CourseID`,`Class`.`ClassID` AS `ClassID`,concat(`Class`.`Year`,_utf8'/',`Class`.`Semester`,_utf8' ',`Class`.`Section`) AS `Section`,concat(`Course`.`DepartmentId`,`Course`.`Number`) AS `Course`,`Course`.`Name` AS `Name`,`Course`.`Credits` AS `Credits` from (`Class` join `Course` on((`Course`.`CourseID` = `Class`.`CourseID`))) */;

--
-- Final view structure for view `CleanCourseSectionWithBlocks`
--

/*!50001 DROP TABLE `CleanCourseSectionWithBlocks`*/;
/*!50001 DROP VIEW IF EXISTS `CleanCourseSectionWithBlocks`*/;
/*!50001 CREATE ALGORITHM=UNDEFINED DEFINER=`root`@`localhost` SQL SECURITY DEFINER VIEW `CleanCourseSectionWithBlocks` AS select `ccs`.`CourseID` AS `CourseID`,`ccs`.`ClassID` AS `ClassID`,`ccs`.`Section` AS `Section`,`ccs`.`Course` AS `Course`,`ccs`.`Name` AS `Name`,`ccs`.`Credits` AS `Credits`,`cb`.`StartTime` AS `StartTime`,`cb`.`EndTime` AS `EndTime`,`cb`.`Day` AS `Day` from (`CleanCourseSection` `ccs` join `ClassBlock` `cb` on((`cb`.`ClassID` = `ccs`.`ClassID`))) */;

--
-- Final view structure for view `CleanRequirement`
--

/*!50001 DROP TABLE `CleanRequirement`*/;
/*!50001 DROP VIEW IF EXISTS `CleanRequirement`*/;
/*!50001 CREATE ALGORITHM=UNDEFINED DEFINER=`root`@`localhost` SQL SECURITY DEFINER VIEW `CleanRequirement` AS select concat(`rc`.`DepartmentId`,`rc`.`Number`) AS `Course`,group_concat(distinct `rs`.`OrdReq` separator ' AND ') AS `Needs` from ((`Requires` `r` join `Course` `rc` on((`rc`.`CourseID` = `r`.`CourseID`))) join `RequirementSatisfied` `rs` on((`rs`.`RequirementID` = `r`.`RequirementID`))) group by `r`.`CourseID` */;

--
-- Final view structure for view `CleanSequence`
--

/*!50001 DROP TABLE `CleanSequence`*/;
/*!50001 DROP VIEW IF EXISTS `CleanSequence`*/;
/*!50001 CREATE ALGORITHM=UNDEFINED DEFINER=`root`@`%` SQL SECURITY DEFINER VIEW `CleanSequence` AS select `Program`.`Name` AS `Name`,`SequenceDetails`.`ProgramID` AS `ProgramID`,concat(`Course`.`DepartmentId`,`Course`.`Number`) AS `Symbol`,`Course`.`Name` AS `CourseName`,`SequenceDetails`.`Semester` AS `Semester` from ((`SequenceDetails` join `Program` on((`Program`.`ProgramID` = `SequenceDetails`.`ProgramID`))) join `Course` on((`Course`.`CourseID` = `SequenceDetails`.`CourseID`))) order by `Program`.`ProgramID`,`SequenceDetails`.`Semester`,concat(`Course`.`DepartmentId`,`Course`.`Number`) */;

--
-- Final view structure for view `CleanTranscript`
--

/*!50001 DROP TABLE `CleanTranscript`*/;
/*!50001 DROP VIEW IF EXISTS `CleanTranscript`*/;
/*!50001 CREATE ALGORITHM=UNDEFINED DEFINER=`root`@`localhost` SQL SECURITY DEFINER VIEW `CleanTranscript` AS select `r`.`UserID` AS `UserID`,`c`.`Course` AS `Course`,`c`.`Section` AS `Section`,`c`.`Name` AS `Name`,`c`.`Credits` AS `Credits`,`r`.`Grade` AS `Grade` from (`RegisteredIn` `r` join `CleanCourseSection` `c` on((`c`.`ClassID` = `r`.`ClassID`))) order by `r`.`UserID` */;

--
-- Final view structure for view `RequirementSatisfied`
--

/*!50001 DROP TABLE `RequirementSatisfied`*/;
/*!50001 DROP VIEW IF EXISTS `RequirementSatisfied`*/;
/*!50001 CREATE ALGORITHM=UNDEFINED DEFINER=`root`@`localhost` SQL SECURITY DEFINER VIEW `RequirementSatisfied` AS select `s`.`RequirementID` AS `RequirementID`,group_concat(concat(_latin1'[',`sc`.`DepartmentId`,`sc`.`Number`,_latin1']') separator ' OR ') AS `OrdReq` from (`Satisfies` `s` join `Course` `sc` on((`sc`.`CourseID` = `s`.`CourseId`))) group by `s`.`RequirementID` */;

--
-- Dumping routines for database 'team7'
--
/*!50003 DROP FUNCTION IF EXISTS `canTakeCourse` */;
--
-- WARNING: old server version. The following dump may be incomplete.
--
/*!50003 SET @saved_sql_mode       = @@sql_mode */ ;
/*!50003 SET sql_mode              = '' */ ;
DELIMITER ;;
/*!50003 CREATE*/ /*!50020 DEFINER=`root`@`%`*/ /*!50003 FUNCTION `canTakeCourse`(Puser_id int, symbol CHAR(7)) RETURNS tinyint(1)
    DETERMINISTIC
return exists (
SELECT Requires.CourseID FROM Requires
join Course c on c.courseID = Requires.CourseID
      WHERE RequirementID NOT IN (
        SELECT RequirementID FROM Satisfies
          JOIN (
            SELECT CourseID FROM RegisteredIn
              JOIN Class ON Class.ClassID = RegisteredIn.ClassID
              WHERE UserID = Puser_id
            ) Taken ON Taken.CourseID = Satisfies.CourseID
        ) and concat(c.DepartmentId,c.Number) = symbol
) */;;
DELIMITER ;
/*!50003 SET sql_mode              = @saved_sql_mode */ ;
/*!40103 SET TIME_ZONE=@OLD_TIME_ZONE */;

/*!40101 SET SQL_MODE=@OLD_SQL_MODE */;
/*!40014 SET FOREIGN_KEY_CHECKS=@OLD_FOREIGN_KEY_CHECKS */;
/*!40014 SET UNIQUE_CHECKS=@OLD_UNIQUE_CHECKS */;
/*!40101 SET CHARACTER_SET_CLIENT=@OLD_CHARACTER_SET_CLIENT */;
/*!40101 SET CHARACTER_SET_RESULTS=@OLD_CHARACTER_SET_RESULTS */;
/*!40101 SET COLLATION_CONNECTION=@OLD_COLLATION_CONNECTION */;
/*!40111 SET SQL_NOTES=@OLD_SQL_NOTES */;

-- Dump completed on 2010-04-11  2:24:16
